2025-12-04 20:58:01 [restartedMain] INFO  k.k.KetchupBackendApplication - Starting KetchupBackendApplication using Java 23.0.2 with PID 26316 (C:\Users\guill\IdeaProjects\KetchupBackend\target\classes started by guill in C:\Users\guill\IdeaProjects\KetchupBackend)
2025-12-04 20:58:01 [restartedMain] INFO  k.k.KetchupBackendApplication - No active profile set, falling back to 1 default profile: "default"
2025-12-04 20:58:01 [restartedMain] INFO  o.s.d.r.c.RepositoryConfigurationDelegate - Bootstrapping Spring Data MongoDB repositories in DEFAULT mode.
2025-12-04 20:58:01 [restartedMain] INFO  o.s.d.r.c.RepositoryConfigurationDelegate - Finished Spring Data repository scanning in 39 ms. Found 3 MongoDB repository interfaces.
2025-12-04 20:58:02 [restartedMain] INFO  o.s.b.w.e.tomcat.TomcatWebServer - Tomcat initialized with port 8080 (http)
2025-12-04 20:58:02 [restartedMain] INFO  o.a.catalina.core.StandardService - Starting service [Tomcat]
2025-12-04 20:58:02 [restartedMain] INFO  o.a.catalina.core.StandardEngine - Starting Servlet engine: [Apache Tomcat/10.1.46]
2025-12-04 20:58:02 [restartedMain] INFO  o.a.c.c.C.[Tomcat].[localhost].[/] - Initializing Spring embedded WebApplicationContext
2025-12-04 20:58:02 [restartedMain] INFO  o.s.b.w.s.c.ServletWebServerApplicationContext - Root WebApplicationContext: initialization completed in 678 ms
2025-12-04 20:58:02 [restartedMain] INFO  org.mongodb.driver.client - MongoClient with metadata {"driver": {"name": "mongo-java-driver|sync|spring-boot", "version": "5.5.1"}, "os": {"type": "Windows", "name": "Windows 11", "architecture": "amd64", "version": "10.0"}, "platform": "Java/Oracle Corporation/23.0.2+7-58"} created with settings MongoClientSettings{readPreference=primary, writeConcern=WriteConcern{w=null, wTimeout=null ms, journal=null}, retryWrites=true, retryReads=true, readConcern=ReadConcern{level=null}, credential=null, transportSettings=null, commandListeners=[], codecRegistry=ProvidersCodecRegistry{codecProviders=[ValueCodecProvider{}, BsonValueCodecProvider{}, DBRefCodecProvider{}, DBObjectCodecProvider{}, DocumentCodecProvider{}, CollectionCodecProvider{}, IterableCodecProvider{}, MapCodecProvider{}, GeoJsonCodecProvider{}, GridFSFileCodecProvider{}, Jsr310CodecProvider{}, JsonObjectCodecProvider{}, BsonCodecProvider{}, EnumCodecProvider{}, com.mongodb.client.model.mql.ExpressionCodecProvider@4e28f613, com.mongodb.Jep395RecordCodecProvider@1daaa823, com.mongodb.KotlinCodecProvider@7a9df582]}, loggerSettings=LoggerSettings{maxDocumentLength=1000}, clusterSettings={hosts=[localhost:27017], srvServiceName=mongodb, mode=SINGLE, requiredClusterType=UNKNOWN, requiredReplicaSetName='null', serverSelector='null', clusterListeners='[]', serverSelectionTimeout='30000 ms', localThreshold='15 ms'}, socketSettings=SocketSettings{connectTimeoutMS=10000, readTimeoutMS=0, receiveBufferSize=0, proxySettings=ProxySettings{host=null, port=null, username=null, password=null}}, heartbeatSocketSettings=SocketSettings{connectTimeoutMS=10000, readTimeoutMS=10000, receiveBufferSize=0, proxySettings=ProxySettings{host=null, port=null, username=null, password=null}}, connectionPoolSettings=ConnectionPoolSettings{maxSize=100, minSize=0, maxWaitTimeMS=120000, maxConnectionLifeTimeMS=0, maxConnectionIdleTimeMS=0, maintenanceInitialDelayMS=0, maintenanceFrequencyMS=60000, connectionPoolListeners=[], maxConnecting=2}, serverSettings=ServerSettings{heartbeatFrequencyMS=10000, minHeartbeatFrequencyMS=500, serverMonitoringMode=AUTO, serverListeners='[]', serverMonitorListeners='[]'}, sslSettings=SslSettings{enabled=false, invalidHostNameAllowed=false, context=null}, applicationName='null', compressorList=[], uuidRepresentation=JAVA_LEGACY, serverApi=null, autoEncryptionSettings=null, dnsClient=null, inetAddressResolver=null, contextProvider=null, timeoutMS=null}
2025-12-04 20:58:02 [cluster-ClusterId{value='6932200ae1e7bc5777dcd391', description='null'}-localhost:27017] INFO  org.mongodb.driver.cluster - Monitor thread successfully connected to server with description ServerDescription{address=localhost:27017, type=STANDALONE, cryptd=false, state=CONNECTED, ok=true, minWireVersion=0, maxWireVersion=25, maxDocumentSize=16777216, logicalSessionTimeoutMinutes=30, roundTripTimeNanos=5975100, minRoundTripTimeNanos=0}
2025-12-04 20:58:02 [restartedMain] INFO  o.s.b.d.a.OptionalLiveReloadServer - LiveReload server is running on port 35729
2025-12-04 20:58:02 [restartedMain] INFO  o.s.s.c.a.a.c.InitializeAuthenticationProviderBeanManagerConfigurer$InitializeAuthenticationProviderManagerConfigurer - Global AuthenticationManager configured with AuthenticationProvider bean with name authenticationProvider
2025-12-04 20:58:02 [restartedMain] WARN  o.s.s.c.a.a.c.InitializeUserDetailsBeanManagerConfigurer$InitializeUserDetailsManagerConfigurer - Global AuthenticationManager configured with an AuthenticationProvider bean. UserDetailsService beans will not be used by Spring Security for automatically configuring username/password login. Consider removing the AuthenticationProvider bean. Alternatively, consider using the UserDetailsService in a manually instantiated DaoAuthenticationProvider. If the current configuration is intentional, to turn off this warning, increase the logging level of 'org.springframework.security.config.annotation.authentication.configuration.InitializeUserDetailsBeanManagerConfigurer' to ERROR
2025-12-04 20:58:02 [restartedMain] INFO  o.s.b.w.e.tomcat.TomcatWebServer - Tomcat started on port 8080 (http) with context path '/'
2025-12-04 20:58:02 [restartedMain] INFO  k.k.KetchupBackendApplication - Started KetchupBackendApplication in 1.359 seconds (process running for 194.635)
2025-12-04 20:58:02 [restartedMain] INFO  o.s.b.d.a.ConditionEvaluationDeltaLoggingListener - Condition evaluation unchanged
2025-12-04 20:58:05 [SpringApplicationShutdownHook] INFO  o.s.b.w.e.tomcat.GracefulShutdown - Commencing graceful shutdown. Waiting for active requests to complete
2025-12-04 20:58:05 [tomcat-shutdown] INFO  o.s.b.w.e.tomcat.GracefulShutdown - Graceful shutdown complete
2025-12-04 20:58:08 [background-preinit] INFO  o.h.validator.internal.util.Version - HV000001: Hibernate Validator 8.0.3.Final
2025-12-04 20:58:08 [restartedMain] INFO  k.k.KetchupBackendApplication - Starting KetchupBackendApplication using Java 23.0.2 with PID 25356 (C:\Users\guill\IdeaProjects\KetchupBackend\target\classes started by guill in C:\Users\guill\IdeaProjects\KetchupBackend)
2025-12-04 20:58:08 [restartedMain] INFO  k.k.KetchupBackendApplication - No active profile set, falling back to 1 default profile: "default"
2025-12-04 20:58:08 [restartedMain] INFO  o.s.b.d.e.DevToolsPropertyDefaultsPostProcessor - Devtools property defaults active! Set 'spring.devtools.add-properties' to 'false' to disable
2025-12-04 20:58:08 [restartedMain] INFO  o.s.b.d.e.DevToolsPropertyDefaultsPostProcessor - For additional web related logging consider setting the 'logging.level.web' property to 'DEBUG'
2025-12-04 20:58:08 [restartedMain] INFO  o.s.d.r.c.RepositoryConfigurationDelegate - Bootstrapping Spring Data MongoDB repositories in DEFAULT mode.
2025-12-04 20:58:08 [restartedMain] INFO  o.s.d.r.c.RepositoryConfigurationDelegate - Finished Spring Data repository scanning in 48 ms. Found 3 MongoDB repository interfaces.
2025-12-04 20:58:09 [restartedMain] INFO  o.s.b.w.e.tomcat.TomcatWebServer - Tomcat initialized with port 8080 (http)
2025-12-04 20:58:09 [restartedMain] INFO  o.a.coyote.http11.Http11NioProtocol - Initializing ProtocolHandler ["http-nio-8080"]
2025-12-04 20:58:09 [restartedMain] INFO  o.a.catalina.core.StandardService - Starting service [Tomcat]
2025-12-04 20:58:09 [restartedMain] INFO  o.a.catalina.core.StandardEngine - Starting Servlet engine: [Apache Tomcat/10.1.46]
2025-12-04 20:58:09 [restartedMain] INFO  o.a.c.c.C.[Tomcat].[localhost].[/] - Initializing Spring embedded WebApplicationContext
2025-12-04 20:58:09 [restartedMain] INFO  o.s.b.w.s.c.ServletWebServerApplicationContext - Root WebApplicationContext: initialization completed in 1002 ms
2025-12-04 20:58:09 [restartedMain] INFO  org.mongodb.driver.client - MongoClient with metadata {"driver": {"name": "mongo-java-driver|sync|spring-boot", "version": "5.5.1"}, "os": {"type": "Windows", "name": "Windows 11", "architecture": "amd64", "version": "10.0"}, "platform": "Java/Oracle Corporation/23.0.2+7-58"} created with settings MongoClientSettings{readPreference=primary, writeConcern=WriteConcern{w=null, wTimeout=null ms, journal=null}, retryWrites=true, retryReads=true, readConcern=ReadConcern{level=null}, credential=null, transportSettings=null, commandListeners=[], codecRegistry=ProvidersCodecRegistry{codecProviders=[ValueCodecProvider{}, BsonValueCodecProvider{}, DBRefCodecProvider{}, DBObjectCodecProvider{}, DocumentCodecProvider{}, CollectionCodecProvider{}, IterableCodecProvider{}, MapCodecProvider{}, GeoJsonCodecProvider{}, GridFSFileCodecProvider{}, Jsr310CodecProvider{}, JsonObjectCodecProvider{}, BsonCodecProvider{}, EnumCodecProvider{}, com.mongodb.client.model.mql.ExpressionCodecProvider@2336473a, com.mongodb.Jep395RecordCodecProvider@67493720, com.mongodb.KotlinCodecProvider@1dbf0be4]}, loggerSettings=LoggerSettings{maxDocumentLength=1000}, clusterSettings={hosts=[localhost:27017], srvServiceName=mongodb, mode=SINGLE, requiredClusterType=UNKNOWN, requiredReplicaSetName='null', serverSelector='null', clusterListeners='[]', serverSelectionTimeout='30000 ms', localThreshold='15 ms'}, socketSettings=SocketSettings{connectTimeoutMS=10000, readTimeoutMS=0, receiveBufferSize=0, proxySettings=ProxySettings{host=null, port=null, username=null, password=null}}, heartbeatSocketSettings=SocketSettings{connectTimeoutMS=10000, readTimeoutMS=10000, receiveBufferSize=0, proxySettings=ProxySettings{host=null, port=null, username=null, password=null}}, connectionPoolSettings=ConnectionPoolSettings{maxSize=100, minSize=0, maxWaitTimeMS=120000, maxConnectionLifeTimeMS=0, maxConnectionIdleTimeMS=0, maintenanceInitialDelayMS=0, maintenanceFrequencyMS=60000, connectionPoolListeners=[], maxConnecting=2}, serverSettings=ServerSettings{heartbeatFrequencyMS=10000, minHeartbeatFrequencyMS=500, serverMonitoringMode=AUTO, serverListeners='[]', serverMonitorListeners='[]'}, sslSettings=SslSettings{enabled=false, invalidHostNameAllowed=false, context=null}, applicationName='null', compressorList=[], uuidRepresentation=JAVA_LEGACY, serverApi=null, autoEncryptionSettings=null, dnsClient=null, inetAddressResolver=null, contextProvider=null, timeoutMS=null}
2025-12-04 20:58:09 [cluster-ClusterId{value='69322011d023d11b26418c60', description='null'}-localhost:27017] INFO  org.mongodb.driver.cluster - Monitor thread successfully connected to server with description ServerDescription{address=localhost:27017, type=STANDALONE, cryptd=false, state=CONNECTED, ok=true, minWireVersion=0, maxWireVersion=25, maxDocumentSize=16777216, logicalSessionTimeoutMinutes=30, roundTripTimeNanos=15130700, minRoundTripTimeNanos=0}
2025-12-04 20:58:09 [restartedMain] INFO  o.s.b.d.a.OptionalLiveReloadServer - LiveReload server is running on port 35729
2025-12-04 20:58:09 [restartedMain] INFO  o.s.s.c.a.a.c.InitializeAuthenticationProviderBeanManagerConfigurer$InitializeAuthenticationProviderManagerConfigurer - Global AuthenticationManager configured with AuthenticationProvider bean with name authenticationProvider
2025-12-04 20:58:09 [restartedMain] WARN  o.s.s.c.a.a.c.InitializeUserDetailsBeanManagerConfigurer$InitializeUserDetailsManagerConfigurer - Global AuthenticationManager configured with an AuthenticationProvider bean. UserDetailsService beans will not be used by Spring Security for automatically configuring username/password login. Consider removing the AuthenticationProvider bean. Alternatively, consider using the UserDetailsService in a manually instantiated DaoAuthenticationProvider. If the current configuration is intentional, to turn off this warning, increase the logging level of 'org.springframework.security.config.annotation.authentication.configuration.InitializeUserDetailsBeanManagerConfigurer' to ERROR
2025-12-04 20:58:10 [restartedMain] INFO  o.a.coyote.http11.Http11NioProtocol - Starting ProtocolHandler ["http-nio-8080"]
2025-12-04 20:58:10 [restartedMain] INFO  o.s.b.w.e.tomcat.TomcatWebServer - Tomcat started on port 8080 (http) with context path '/'
2025-12-04 20:58:10 [restartedMain] INFO  k.k.KetchupBackendApplication - Started KetchupBackendApplication in 2.348 seconds (process running for 2.967)
2025-12-04 20:58:19 [http-nio-8080-exec-2] INFO  o.a.c.c.C.[Tomcat].[localhost].[/] - Initializing Spring DispatcherServlet 'dispatcherServlet'
2025-12-04 20:58:19 [http-nio-8080-exec-2] INFO  o.s.web.servlet.DispatcherServlet - Initializing Servlet 'dispatcherServlet'
2025-12-04 20:58:19 [http-nio-8080-exec-2] INFO  o.s.web.servlet.DispatcherServlet - Completed initialization in 1 ms
2025-12-04 20:58:38 [http-nio-8080-exec-1] INFO  k.k.service.OrderServiceImpl - INICIANDO VENTA: Cliente 'Luis' atendido por Cajero ID '6931f719400bfc7daa07126c'
2025-12-04 20:58:38 [http-nio-8080-exec-1] INFO  k.k.service.OrderServiceImpl - VENTA EXITOSA [Ticket #8]: Total $10400.0 | Medio de Pago: CASH | Items: 2
2025-12-04 21:02:03 [http-nio-8080-exec-10] INFO  k.k.service.OrderServiceImpl - INICIANDO VENTA: Cliente 'Catalina' atendido por Cajero ID '6931f719400bfc7daa07126c'
2025-12-04 21:02:03 [http-nio-8080-exec-10] INFO  k.k.service.OrderServiceImpl - VENTA EXITOSA [Ticket #9]: Total $15400.0 | Medio de Pago: DEBIT_CARD | Items: 2
2025-12-04 21:02:20 [http-nio-8080-exec-7] INFO  k.k.service.OrderServiceImpl - INICIANDO VENTA: Cliente 'Vale' atendido por Cajero ID '6931f719400bfc7daa07126c'
2025-12-04 21:02:20 [http-nio-8080-exec-7] INFO  k.k.service.OrderServiceImpl - VENTA EXITOSA [Ticket #10]: Total $8700.0 | Medio de Pago: CREDIT_CARD | Items: 2
2025-12-04 21:02:39 [http-nio-8080-exec-1] INFO  k.k.service.OrderServiceImpl - INICIANDO VENTA: Cliente 'Gloria' atendido por Cajero ID '6931f719400bfc7daa07126c'
2025-12-04 21:02:39 [http-nio-8080-exec-1] INFO  k.k.service.OrderServiceImpl - VENTA EXITOSA [Ticket #11]: Total $27800.0 | Medio de Pago: CASH | Items: 3
2025-12-04 21:06:23 [File Watcher] INFO  o.s.b.d.a.LocalDevToolsAutoConfiguration$RestartingClassPathChangeChangedEventListener - Restarting due to 1 class path change (0 additions, 0 deletions, 1 modification)
2025-12-04 21:06:23 [Thread-4] INFO  o.s.b.w.e.tomcat.GracefulShutdown - Commencing graceful shutdown. Waiting for active requests to complete
2025-12-04 21:06:23 [tomcat-shutdown] INFO  o.a.coyote.http11.Http11NioProtocol - Pausing ProtocolHandler ["http-nio-8080"]
2025-12-04 21:06:23 [tomcat-shutdown] INFO  o.s.b.w.e.tomcat.GracefulShutdown - Graceful shutdown complete
2025-12-04 21:06:23 [Thread-4] INFO  o.a.coyote.http11.Http11NioProtocol - Stopping ProtocolHandler ["http-nio-8080"]
2025-12-04 21:06:23 [restartedMain] INFO  k.k.KetchupBackendApplication - Starting KetchupBackendApplication using Java 23.0.2 with PID 25356 (C:\Users\guill\IdeaProjects\KetchupBackend\target\classes started by guill in C:\Users\guill\IdeaProjects\KetchupBackend)
2025-12-04 21:06:23 [restartedMain] DEBUG k.k.KetchupBackendApplication - Running with Spring Boot v3.5.6, Spring v6.2.11
2025-12-04 21:06:23 [restartedMain] INFO  k.k.KetchupBackendApplication - No active profile set, falling back to 1 default profile: "default"
2025-12-04 21:06:23 [restartedMain] INFO  o.s.d.r.c.RepositoryConfigurationDelegate - Bootstrapping Spring Data MongoDB repositories in DEFAULT mode.
2025-12-04 21:06:24 [restartedMain] INFO  o.s.d.r.c.RepositoryConfigurationDelegate - Finished Spring Data repository scanning in 22 ms. Found 3 MongoDB repository interfaces.
2025-12-04 21:06:24 [restartedMain] INFO  o.s.b.w.e.tomcat.TomcatWebServer - Tomcat initialized with port 8080 (http)
2025-12-04 21:06:24 [restartedMain] INFO  o.a.coyote.http11.Http11NioProtocol - Initializing ProtocolHandler ["http-nio-8080"]
2025-12-04 21:06:24 [restartedMain] INFO  o.a.catalina.core.StandardService - Starting service [Tomcat]
2025-12-04 21:06:24 [restartedMain] INFO  o.a.catalina.core.StandardEngine - Starting Servlet engine: [Apache Tomcat/10.1.46]
2025-12-04 21:06:24 [restartedMain] INFO  o.a.c.c.C.[Tomcat].[localhost].[/] - Initializing Spring embedded WebApplicationContext
2025-12-04 21:06:24 [restartedMain] INFO  o.s.b.w.s.c.ServletWebServerApplicationContext - Root WebApplicationContext: initialization completed in 399 ms
2025-12-04 21:06:24 [restartedMain] INFO  org.mongodb.driver.client - MongoClient with metadata {"driver": {"name": "mongo-java-driver|sync|spring-boot", "version": "5.5.1"}, "os": {"type": "Windows", "name": "Windows 11", "architecture": "amd64", "version": "10.0"}, "platform": "Java/Oracle Corporation/23.0.2+7-58"} created with settings MongoClientSettings{readPreference=primary, writeConcern=WriteConcern{w=null, wTimeout=null ms, journal=null}, retryWrites=true, retryReads=true, readConcern=ReadConcern{level=null}, credential=null, transportSettings=null, commandListeners=[], codecRegistry=ProvidersCodecRegistry{codecProviders=[ValueCodecProvider{}, BsonValueCodecProvider{}, DBRefCodecProvider{}, DBObjectCodecProvider{}, DocumentCodecProvider{}, CollectionCodecProvider{}, IterableCodecProvider{}, MapCodecProvider{}, GeoJsonCodecProvider{}, GridFSFileCodecProvider{}, Jsr310CodecProvider{}, JsonObjectCodecProvider{}, BsonCodecProvider{}, EnumCodecProvider{}, com.mongodb.client.model.mql.ExpressionCodecProvider@2336473a, com.mongodb.Jep395RecordCodecProvider@67493720, com.mongodb.KotlinCodecProvider@1dbf0be4]}, loggerSettings=LoggerSettings{maxDocumentLength=1000}, clusterSettings={hosts=[localhost:27017], srvServiceName=mongodb, mode=SINGLE, requiredClusterType=UNKNOWN, requiredReplicaSetName='null', serverSelector='null', clusterListeners='[]', serverSelectionTimeout='30000 ms', localThreshold='15 ms'}, socketSettings=SocketSettings{connectTimeoutMS=10000, readTimeoutMS=0, receiveBufferSize=0, proxySettings=ProxySettings{host=null, port=null, username=null, password=null}}, heartbeatSocketSettings=SocketSettings{connectTimeoutMS=10000, readTimeoutMS=10000, receiveBufferSize=0, proxySettings=ProxySettings{host=null, port=null, username=null, password=null}}, connectionPoolSettings=ConnectionPoolSettings{maxSize=100, minSize=0, maxWaitTimeMS=120000, maxConnectionLifeTimeMS=0, maxConnectionIdleTimeMS=0, maintenanceInitialDelayMS=0, maintenanceFrequencyMS=60000, connectionPoolListeners=[], maxConnecting=2}, serverSettings=ServerSettings{heartbeatFrequencyMS=10000, minHeartbeatFrequencyMS=500, serverMonitoringMode=AUTO, serverListeners='[]', serverMonitorListeners='[]'}, sslSettings=SslSettings{enabled=false, invalidHostNameAllowed=false, context=null}, applicationName='null', compressorList=[], uuidRepresentation=JAVA_LEGACY, serverApi=null, autoEncryptionSettings=null, dnsClient=null, inetAddressResolver=null, contextProvider=null, timeoutMS=null}
2025-12-04 21:06:24 [cluster-ClusterId{value='69322200d023d11b26418c65', description='null'}-localhost:27017] INFO  org.mongodb.driver.cluster - Monitor thread successfully connected to server with description ServerDescription{address=localhost:27017, type=STANDALONE, cryptd=false, state=CONNECTED, ok=true, minWireVersion=0, maxWireVersion=25, maxDocumentSize=16777216, logicalSessionTimeoutMinutes=30, roundTripTimeNanos=2085800, minRoundTripTimeNanos=0}
2025-12-04 21:06:24 [restartedMain] DEBUG k.k.security.JwtAuthenticationFilter - Filter 'jwtAuthenticationFilter' configured for use
2025-12-04 21:06:24 [restartedMain] INFO  o.s.b.d.a.OptionalLiveReloadServer - LiveReload server is running on port 35729
2025-12-04 21:06:24 [restartedMain] INFO  o.s.s.c.a.a.c.InitializeAuthenticationProviderBeanManagerConfigurer$InitializeAuthenticationProviderManagerConfigurer - Global AuthenticationManager configured with AuthenticationProvider bean with name authenticationProvider
2025-12-04 21:06:24 [restartedMain] WARN  o.s.s.c.a.a.c.InitializeUserDetailsBeanManagerConfigurer$InitializeUserDetailsManagerConfigurer - Global AuthenticationManager configured with an AuthenticationProvider bean. UserDetailsService beans will not be used by Spring Security for automatically configuring username/password login. Consider removing the AuthenticationProvider bean. Alternatively, consider using the UserDetailsService in a manually instantiated DaoAuthenticationProvider. If the current configuration is intentional, to turn off this warning, increase the logging level of 'org.springframework.security.config.annotation.authentication.configuration.InitializeUserDetailsBeanManagerConfigurer' to ERROR
2025-12-04 21:06:24 [restartedMain] INFO  o.a.coyote.http11.Http11NioProtocol - Starting ProtocolHandler ["http-nio-8080"]
2025-12-04 21:06:24 [restartedMain] INFO  o.s.b.w.e.tomcat.TomcatWebServer - Tomcat started on port 8080 (http) with context path '/'
2025-12-04 21:06:24 [restartedMain] INFO  k.k.KetchupBackendApplication - Started KetchupBackendApplication in 0.824 seconds (process running for 497.249)
2025-12-04 21:06:24 [restartedMain] INFO  o.s.b.d.a.ConditionEvaluationDeltaLoggingListener - Condition evaluation unchanged
2025-12-04 21:06:48 [File Watcher] INFO  o.s.b.d.a.LocalDevToolsAutoConfiguration$RestartingClassPathChangeChangedEventListener - Restarting due to 1 class path change (0 additions, 1 deletion, 0 modifications)
2025-12-04 21:06:48 [Thread-7] INFO  o.s.b.w.e.tomcat.GracefulShutdown - Commencing graceful shutdown. Waiting for active requests to complete
2025-12-04 21:06:48 [tomcat-shutdown] INFO  o.a.coyote.http11.Http11NioProtocol - Pausing ProtocolHandler ["http-nio-8080"]
2025-12-04 21:06:48 [tomcat-shutdown] INFO  o.s.b.w.e.tomcat.GracefulShutdown - Graceful shutdown complete
2025-12-04 21:06:48 [Thread-7] INFO  o.a.coyote.http11.Http11NioProtocol - Stopping ProtocolHandler ["http-nio-8080"]
2025-12-04 21:06:48 [restartedMain] INFO  k.k.KetchupBackendApplication - Starting KetchupBackendApplication using Java 23.0.2 with PID 25356 (C:\Users\guill\IdeaProjects\KetchupBackend\target\classes started by guill in C:\Users\guill\IdeaProjects\KetchupBackend)
2025-12-04 21:06:48 [restartedMain] DEBUG k.k.KetchupBackendApplication - Running with Spring Boot v3.5.6, Spring v6.2.11
2025-12-04 21:06:48 [restartedMain] INFO  k.k.KetchupBackendApplication - No active profile set, falling back to 1 default profile: "default"
2025-12-04 21:06:48 [restartedMain] INFO  o.s.d.r.c.RepositoryConfigurationDelegate - Bootstrapping Spring Data MongoDB repositories in DEFAULT mode.
2025-12-04 21:06:48 [restartedMain] INFO  o.s.d.r.c.RepositoryConfigurationDelegate - Finished Spring Data repository scanning in 32 ms. Found 3 MongoDB repository interfaces.
2025-12-04 21:06:49 [restartedMain] INFO  o.s.b.w.e.tomcat.TomcatWebServer - Tomcat initialized with port 8080 (http)
2025-12-04 21:06:49 [restartedMain] INFO  o.a.coyote.http11.Http11NioProtocol - Initializing ProtocolHandler ["http-nio-8080"]
2025-12-04 21:06:49 [restartedMain] INFO  o.a.catalina.core.StandardService - Starting service [Tomcat]
2025-12-04 21:06:49 [restartedMain] INFO  o.a.catalina.core.StandardEngine - Starting Servlet engine: [Apache Tomcat/10.1.46]
2025-12-04 21:06:49 [restartedMain] INFO  o.a.c.c.C.[Tomcat].[localhost].[/] - Initializing Spring embedded WebApplicationContext
2025-12-04 21:06:49 [restartedMain] INFO  o.s.b.w.s.c.ServletWebServerApplicationContext - Root WebApplicationContext: initialization completed in 436 ms
2025-12-04 21:06:49 [restartedMain] INFO  org.mongodb.driver.client - MongoClient with metadata {"driver": {"name": "mongo-java-driver|sync|spring-boot", "version": "5.5.1"}, "os": {"type": "Windows", "name": "Windows 11", "architecture": "amd64", "version": "10.0"}, "platform": "Java/Oracle Corporation/23.0.2+7-58"} created with settings MongoClientSettings{readPreference=primary, writeConcern=WriteConcern{w=null, wTimeout=null ms, journal=null}, retryWrites=true, retryReads=true, readConcern=ReadConcern{level=null}, credential=null, transportSettings=null, commandListeners=[], codecRegistry=ProvidersCodecRegistry{codecProviders=[ValueCodecProvider{}, BsonValueCodecProvider{}, DBRefCodecProvider{}, DBObjectCodecProvider{}, DocumentCodecProvider{}, CollectionCodecProvider{}, IterableCodecProvider{}, MapCodecProvider{}, GeoJsonCodecProvider{}, GridFSFileCodecProvider{}, Jsr310CodecProvider{}, JsonObjectCodecProvider{}, BsonCodecProvider{}, EnumCodecProvider{}, com.mongodb.client.model.mql.ExpressionCodecProvider@2336473a, com.mongodb.Jep395RecordCodecProvider@67493720, com.mongodb.KotlinCodecProvider@1dbf0be4]}, loggerSettings=LoggerSettings{maxDocumentLength=1000}, clusterSettings={hosts=[localhost:27017], srvServiceName=mongodb, mode=SINGLE, requiredClusterType=UNKNOWN, requiredReplicaSetName='null', serverSelector='null', clusterListeners='[]', serverSelectionTimeout='30000 ms', localThreshold='15 ms'}, socketSettings=SocketSettings{connectTimeoutMS=10000, readTimeoutMS=0, receiveBufferSize=0, proxySettings=ProxySettings{host=null, port=null, username=null, password=null}}, heartbeatSocketSettings=SocketSettings{connectTimeoutMS=10000, readTimeoutMS=10000, receiveBufferSize=0, proxySettings=ProxySettings{host=null, port=null, username=null, password=null}}, connectionPoolSettings=ConnectionPoolSettings{maxSize=100, minSize=0, maxWaitTimeMS=120000, maxConnectionLifeTimeMS=0, maxConnectionIdleTimeMS=0, maintenanceInitialDelayMS=0, maintenanceFrequencyMS=60000, connectionPoolListeners=[], maxConnecting=2}, serverSettings=ServerSettings{heartbeatFrequencyMS=10000, minHeartbeatFrequencyMS=500, serverMonitoringMode=AUTO, serverListeners='[]', serverMonitorListeners='[]'}, sslSettings=SslSettings{enabled=false, invalidHostNameAllowed=false, context=null}, applicationName='null', compressorList=[], uuidRepresentation=JAVA_LEGACY, serverApi=null, autoEncryptionSettings=null, dnsClient=null, inetAddressResolver=null, contextProvider=null, timeoutMS=null}
2025-12-04 21:06:49 [cluster-ClusterId{value='69322219d023d11b26418c66', description='null'}-localhost:27017] INFO  org.mongodb.driver.cluster - Monitor thread successfully connected to server with description ServerDescription{address=localhost:27017, type=STANDALONE, cryptd=false, state=CONNECTED, ok=true, minWireVersion=0, maxWireVersion=25, maxDocumentSize=16777216, logicalSessionTimeoutMinutes=30, roundTripTimeNanos=1908800, minRoundTripTimeNanos=0}
2025-12-04 21:06:49 [restartedMain] DEBUG k.k.security.JwtAuthenticationFilter - Filter 'jwtAuthenticationFilter' configured for use
2025-12-04 21:06:49 [restartedMain] INFO  o.s.b.d.a.OptionalLiveReloadServer - LiveReload server is running on port 35729
2025-12-04 21:06:49 [restartedMain] INFO  o.s.s.c.a.a.c.InitializeAuthenticationProviderBeanManagerConfigurer$InitializeAuthenticationProviderManagerConfigurer - Global AuthenticationManager configured with AuthenticationProvider bean with name authenticationProvider
2025-12-04 21:06:49 [restartedMain] WARN  o.s.s.c.a.a.c.InitializeUserDetailsBeanManagerConfigurer$InitializeUserDetailsManagerConfigurer - Global AuthenticationManager configured with an AuthenticationProvider bean. UserDetailsService beans will not be used by Spring Security for automatically configuring username/password login. Consider removing the AuthenticationProvider bean. Alternatively, consider using the UserDetailsService in a manually instantiated DaoAuthenticationProvider. If the current configuration is intentional, to turn off this warning, increase the logging level of 'org.springframework.security.config.annotation.authentication.configuration.InitializeUserDetailsBeanManagerConfigurer' to ERROR
2025-12-04 21:06:49 [restartedMain] WARN  o.s.b.w.s.c.AnnotationConfigServletWebServerApplicationContext - Exception encountered during context initialization - cancelling refresh attempt: org.springframework.beans.factory.UnsatisfiedDependencyException: Error creating bean with name 'orderController' defined in file [C:\Users\guill\IdeaProjects\KetchupBackend\target\classes\ketchupapp\ketchupbackend\controller\OrderController.class]: Unsatisfied dependency expressed through constructor parameter 0: Error creating bean with name 'orderService' defined in file [C:\Users\guill\IdeaProjects\KetchupBackend\target\classes\ketchupapp\ketchupbackend\service\OrderServiceImpl.class]: Unsatisfied dependency expressed through constructor parameter 2: No qualifying bean of type 'ketchupapp.ketchupbackend.service.InventoryService' available: expected at least 1 bean which qualifies as autowire candidate. Dependency annotations: {}
2025-12-04 21:06:49 [restartedMain] INFO  o.a.catalina.core.StandardService - Stopping service [Tomcat]
2025-12-04 21:06:49 [restartedMain] INFO  o.s.b.a.l.ConditionEvaluationReportLogger - 

Error starting ApplicationContext. To display the condition evaluation report re-run your application with 'debug' enabled.
2025-12-04 21:06:49 [restartedMain] ERROR o.s.b.d.LoggingFailureAnalysisReporter - 

***************************
APPLICATION FAILED TO START
***************************

Description:

Parameter 2 of constructor in ketchupapp.ketchupbackend.service.OrderServiceImpl required a bean of type 'ketchupapp.ketchupbackend.service.InventoryService' that could not be found.

The injection point has the following annotations:
	- @org.springframework.beans.factory.annotation.Qualifier("orderService")


Action:

Consider defining a bean of type 'ketchupapp.ketchupbackend.service.InventoryService' in your configuration.

2025-12-04 21:06:50 [restartedMain] INFO  k.k.KetchupBackendApplication - Starting KetchupBackendApplication using Java 23.0.2 with PID 25356 (C:\Users\guill\IdeaProjects\KetchupBackend\target\classes started by guill in C:\Users\guill\IdeaProjects\KetchupBackend)
2025-12-04 21:06:50 [restartedMain] DEBUG k.k.KetchupBackendApplication - Running with Spring Boot v3.5.6, Spring v6.2.11
2025-12-04 21:06:50 [restartedMain] INFO  k.k.KetchupBackendApplication - No active profile set, falling back to 1 default profile: "default"
2025-12-04 21:06:51 [restartedMain] INFO  o.s.d.r.c.RepositoryConfigurationDelegate - Bootstrapping Spring Data MongoDB repositories in DEFAULT mode.
2025-12-04 21:06:51 [restartedMain] INFO  o.s.d.r.c.RepositoryConfigurationDelegate - Finished Spring Data repository scanning in 20 ms. Found 3 MongoDB repository interfaces.
2025-12-04 21:06:51 [restartedMain] INFO  o.s.b.w.e.tomcat.TomcatWebServer - Tomcat initialized with port 8080 (http)
2025-12-04 21:06:51 [restartedMain] INFO  o.a.coyote.http11.Http11NioProtocol - Initializing ProtocolHandler ["http-nio-8080"]
2025-12-04 21:06:51 [restartedMain] INFO  o.a.catalina.core.StandardService - Starting service [Tomcat]
2025-12-04 21:06:51 [restartedMain] INFO  o.a.catalina.core.StandardEngine - Starting Servlet engine: [Apache Tomcat/10.1.46]
2025-12-04 21:06:51 [restartedMain] INFO  o.a.c.c.C.[Tomcat-1].[localhost].[/] - Initializing Spring embedded WebApplicationContext
2025-12-04 21:06:51 [restartedMain] INFO  o.s.b.w.s.c.ServletWebServerApplicationContext - Root WebApplicationContext: initialization completed in 342 ms
2025-12-04 21:06:51 [restartedMain] INFO  org.mongodb.driver.client - MongoClient with metadata {"driver": {"name": "mongo-java-driver|sync|spring-boot", "version": "5.5.1"}, "os": {"type": "Windows", "name": "Windows 11", "architecture": "amd64", "version": "10.0"}, "platform": "Java/Oracle Corporation/23.0.2+7-58"} created with settings MongoClientSettings{readPreference=primary, writeConcern=WriteConcern{w=null, wTimeout=null ms, journal=null}, retryWrites=true, retryReads=true, readConcern=ReadConcern{level=null}, credential=null, transportSettings=null, commandListeners=[], codecRegistry=ProvidersCodecRegistry{codecProviders=[ValueCodecProvider{}, BsonValueCodecProvider{}, DBRefCodecProvider{}, DBObjectCodecProvider{}, DocumentCodecProvider{}, CollectionCodecProvider{}, IterableCodecProvider{}, MapCodecProvider{}, GeoJsonCodecProvider{}, GridFSFileCodecProvider{}, Jsr310CodecProvider{}, JsonObjectCodecProvider{}, BsonCodecProvider{}, EnumCodecProvider{}, com.mongodb.client.model.mql.ExpressionCodecProvider@2336473a, com.mongodb.Jep395RecordCodecProvider@67493720, com.mongodb.KotlinCodecProvider@1dbf0be4]}, loggerSettings=LoggerSettings{maxDocumentLength=1000}, clusterSettings={hosts=[localhost:27017], srvServiceName=mongodb, mode=SINGLE, requiredClusterType=UNKNOWN, requiredReplicaSetName='null', serverSelector='null', clusterListeners='[]', serverSelectionTimeout='30000 ms', localThreshold='15 ms'}, socketSettings=SocketSettings{connectTimeoutMS=10000, readTimeoutMS=0, receiveBufferSize=0, proxySettings=ProxySettings{host=null, port=null, username=null, password=null}}, heartbeatSocketSettings=SocketSettings{connectTimeoutMS=10000, readTimeoutMS=10000, receiveBufferSize=0, proxySettings=ProxySettings{host=null, port=null, username=null, password=null}}, connectionPoolSettings=ConnectionPoolSettings{maxSize=100, minSize=0, maxWaitTimeMS=120000, maxConnectionLifeTimeMS=0, maxConnectionIdleTimeMS=0, maintenanceInitialDelayMS=0, maintenanceFrequencyMS=60000, connectionPoolListeners=[], maxConnecting=2}, serverSettings=ServerSettings{heartbeatFrequencyMS=10000, minHeartbeatFrequencyMS=500, serverMonitoringMode=AUTO, serverListeners='[]', serverMonitorListeners='[]'}, sslSettings=SslSettings{enabled=false, invalidHostNameAllowed=false, context=null}, applicationName='null', compressorList=[], uuidRepresentation=JAVA_LEGACY, serverApi=null, autoEncryptionSettings=null, dnsClient=null, inetAddressResolver=null, contextProvider=null, timeoutMS=null}
2025-12-04 21:06:51 [cluster-ClusterId{value='6932221bd023d11b26418c67', description='null'}-localhost:27017] INFO  org.mongodb.driver.cluster - Monitor thread successfully connected to server with description ServerDescription{address=localhost:27017, type=STANDALONE, cryptd=false, state=CONNECTED, ok=true, minWireVersion=0, maxWireVersion=25, maxDocumentSize=16777216, logicalSessionTimeoutMinutes=30, roundTripTimeNanos=2131000, minRoundTripTimeNanos=0}
2025-12-04 21:06:51 [restartedMain] DEBUG k.k.security.JwtAuthenticationFilter - Filter 'jwtAuthenticationFilter' configured for use
2025-12-04 21:06:51 [restartedMain] INFO  o.s.b.d.a.OptionalLiveReloadServer - LiveReload server is running on port 35729
2025-12-04 21:06:51 [restartedMain] INFO  o.s.s.c.a.a.c.InitializeAuthenticationProviderBeanManagerConfigurer$InitializeAuthenticationProviderManagerConfigurer - Global AuthenticationManager configured with AuthenticationProvider bean with name authenticationProvider
2025-12-04 21:06:51 [restartedMain] WARN  o.s.s.c.a.a.c.InitializeUserDetailsBeanManagerConfigurer$InitializeUserDetailsManagerConfigurer - Global AuthenticationManager configured with an AuthenticationProvider bean. UserDetailsService beans will not be used by Spring Security for automatically configuring username/password login. Consider removing the AuthenticationProvider bean. Alternatively, consider using the UserDetailsService in a manually instantiated DaoAuthenticationProvider. If the current configuration is intentional, to turn off this warning, increase the logging level of 'org.springframework.security.config.annotation.authentication.configuration.InitializeUserDetailsBeanManagerConfigurer' to ERROR
2025-12-04 21:06:51 [restartedMain] INFO  o.a.coyote.http11.Http11NioProtocol - Starting ProtocolHandler ["http-nio-8080"]
2025-12-04 21:06:51 [restartedMain] INFO  o.s.b.w.e.tomcat.TomcatWebServer - Tomcat started on port 8080 (http) with context path '/'
2025-12-04 21:06:51 [restartedMain] INFO  k.k.KetchupBackendApplication - Started KetchupBackendApplication in 0.586 seconds (process running for 524.104)
2025-12-04 21:06:51 [restartedMain] INFO  o.s.b.d.a.ConditionEvaluationDeltaLoggingListener - Condition evaluation unchanged
2025-12-04 21:07:41 [File Watcher] INFO  o.s.b.d.a.LocalDevToolsAutoConfiguration$RestartingClassPathChangeChangedEventListener - Restarting due to 3 class path changes (0 additions, 3 deletions, 0 modifications)
2025-12-04 21:07:41 [Thread-11] INFO  o.s.b.w.e.tomcat.GracefulShutdown - Commencing graceful shutdown. Waiting for active requests to complete
2025-12-04 21:07:41 [tomcat-shutdown] INFO  o.a.coyote.http11.Http11NioProtocol - Pausing ProtocolHandler ["http-nio-8080"]
2025-12-04 21:07:41 [tomcat-shutdown] INFO  o.s.b.w.e.tomcat.GracefulShutdown - Graceful shutdown complete
2025-12-04 21:07:41 [Thread-11] INFO  o.a.coyote.http11.Http11NioProtocol - Stopping ProtocolHandler ["http-nio-8080"]
2025-12-04 21:07:42 [restartedMain] INFO  k.k.KetchupBackendApplication - Starting KetchupBackendApplication using Java 23.0.2 with PID 25356 (C:\Users\guill\IdeaProjects\KetchupBackend\target\classes started by guill in C:\Users\guill\IdeaProjects\KetchupBackend)
2025-12-04 21:07:42 [restartedMain] DEBUG k.k.KetchupBackendApplication - Running with Spring Boot v3.5.6, Spring v6.2.11
2025-12-04 21:07:42 [restartedMain] INFO  k.k.KetchupBackendApplication - No active profile set, falling back to 1 default profile: "default"
2025-12-04 21:07:42 [restartedMain] INFO  o.s.d.r.c.RepositoryConfigurationDelegate - Bootstrapping Spring Data MongoDB repositories in DEFAULT mode.
2025-12-04 21:07:42 [restartedMain] INFO  o.s.d.r.c.RepositoryConfigurationDelegate - Finished Spring Data repository scanning in 14 ms. Found 3 MongoDB repository interfaces.
2025-12-04 21:07:42 [restartedMain] INFO  o.s.b.w.e.tomcat.TomcatWebServer - Tomcat initialized with port 8080 (http)
2025-12-04 21:07:42 [restartedMain] INFO  o.a.coyote.http11.Http11NioProtocol - Initializing ProtocolHandler ["http-nio-8080"]
2025-12-04 21:07:42 [restartedMain] INFO  o.a.catalina.core.StandardService - Starting service [Tomcat]
2025-12-04 21:07:42 [restartedMain] INFO  o.a.catalina.core.StandardEngine - Starting Servlet engine: [Apache Tomcat/10.1.46]
2025-12-04 21:07:42 [restartedMain] INFO  o.a.c.c.C.[Tomcat-1].[localhost].[/] - Initializing Spring embedded WebApplicationContext
2025-12-04 21:07:42 [restartedMain] INFO  o.s.b.w.s.c.ServletWebServerApplicationContext - Root WebApplicationContext: initialization completed in 294 ms
2025-12-04 21:07:42 [restartedMain] INFO  org.mongodb.driver.client - MongoClient with metadata {"driver": {"name": "mongo-java-driver|sync|spring-boot", "version": "5.5.1"}, "os": {"type": "Windows", "name": "Windows 11", "architecture": "amd64", "version": "10.0"}, "platform": "Java/Oracle Corporation/23.0.2+7-58"} created with settings MongoClientSettings{readPreference=primary, writeConcern=WriteConcern{w=null, wTimeout=null ms, journal=null}, retryWrites=true, retryReads=true, readConcern=ReadConcern{level=null}, credential=null, transportSettings=null, commandListeners=[], codecRegistry=ProvidersCodecRegistry{codecProviders=[ValueCodecProvider{}, BsonValueCodecProvider{}, DBRefCodecProvider{}, DBObjectCodecProvider{}, DocumentCodecProvider{}, CollectionCodecProvider{}, IterableCodecProvider{}, MapCodecProvider{}, GeoJsonCodecProvider{}, GridFSFileCodecProvider{}, Jsr310CodecProvider{}, JsonObjectCodecProvider{}, BsonCodecProvider{}, EnumCodecProvider{}, com.mongodb.client.model.mql.ExpressionCodecProvider@2336473a, com.mongodb.Jep395RecordCodecProvider@67493720, com.mongodb.KotlinCodecProvider@1dbf0be4]}, loggerSettings=LoggerSettings{maxDocumentLength=1000}, clusterSettings={hosts=[localhost:27017], srvServiceName=mongodb, mode=SINGLE, requiredClusterType=UNKNOWN, requiredReplicaSetName='null', serverSelector='null', clusterListeners='[]', serverSelectionTimeout='30000 ms', localThreshold='15 ms'}, socketSettings=SocketSettings{connectTimeoutMS=10000, readTimeoutMS=0, receiveBufferSize=0, proxySettings=ProxySettings{host=null, port=null, username=null, password=null}}, heartbeatSocketSettings=SocketSettings{connectTimeoutMS=10000, readTimeoutMS=10000, receiveBufferSize=0, proxySettings=ProxySettings{host=null, port=null, username=null, password=null}}, connectionPoolSettings=ConnectionPoolSettings{maxSize=100, minSize=0, maxWaitTimeMS=120000, maxConnectionLifeTimeMS=0, maxConnectionIdleTimeMS=0, maintenanceInitialDelayMS=0, maintenanceFrequencyMS=60000, connectionPoolListeners=[], maxConnecting=2}, serverSettings=ServerSettings{heartbeatFrequencyMS=10000, minHeartbeatFrequencyMS=500, serverMonitoringMode=AUTO, serverListeners='[]', serverMonitorListeners='[]'}, sslSettings=SslSettings{enabled=false, invalidHostNameAllowed=false, context=null}, applicationName='null', compressorList=[], uuidRepresentation=JAVA_LEGACY, serverApi=null, autoEncryptionSettings=null, dnsClient=null, inetAddressResolver=null, contextProvider=null, timeoutMS=null}
2025-12-04 21:07:42 [cluster-ClusterId{value='6932224ed023d11b26418c68', description='null'}-localhost:27017] INFO  org.mongodb.driver.cluster - Monitor thread successfully connected to server with description ServerDescription{address=localhost:27017, type=STANDALONE, cryptd=false, state=CONNECTED, ok=true, minWireVersion=0, maxWireVersion=25, maxDocumentSize=16777216, logicalSessionTimeoutMinutes=30, roundTripTimeNanos=1299300, minRoundTripTimeNanos=0}
2025-12-04 21:07:42 [restartedMain] DEBUG k.k.security.JwtAuthenticationFilter - Filter 'jwtAuthenticationFilter' configured for use
2025-12-04 21:07:42 [restartedMain] INFO  o.s.b.d.a.OptionalLiveReloadServer - LiveReload server is running on port 35729
2025-12-04 21:07:42 [restartedMain] INFO  o.s.s.c.a.a.c.InitializeAuthenticationProviderBeanManagerConfigurer$InitializeAuthenticationProviderManagerConfigurer - Global AuthenticationManager configured with AuthenticationProvider bean with name authenticationProvider
2025-12-04 21:07:42 [restartedMain] WARN  o.s.s.c.a.a.c.InitializeUserDetailsBeanManagerConfigurer$InitializeUserDetailsManagerConfigurer - Global AuthenticationManager configured with an AuthenticationProvider bean. UserDetailsService beans will not be used by Spring Security for automatically configuring username/password login. Consider removing the AuthenticationProvider bean. Alternatively, consider using the UserDetailsService in a manually instantiated DaoAuthenticationProvider. If the current configuration is intentional, to turn off this warning, increase the logging level of 'org.springframework.security.config.annotation.authentication.configuration.InitializeUserDetailsBeanManagerConfigurer' to ERROR
2025-12-04 21:07:42 [restartedMain] WARN  o.s.b.w.s.c.AnnotationConfigServletWebServerApplicationContext - Exception encountered during context initialization - cancelling refresh attempt: org.springframework.beans.factory.UnsatisfiedDependencyException: Error creating bean with name 'orderController' defined in file [C:\Users\guill\IdeaProjects\KetchupBackend\target\classes\ketchupapp\ketchupbackend\controller\OrderController.class]: Unsatisfied dependency expressed through constructor parameter 0: No qualifying bean of type 'ketchupapp.ketchupbackend.service.OrderService' available: expected at least 1 bean which qualifies as autowire candidate. Dependency annotations: {@org.springframework.beans.factory.annotation.Qualifier("orderService")}
2025-12-04 21:07:42 [restartedMain] INFO  o.a.catalina.core.StandardService - Stopping service [Tomcat]
2025-12-04 21:07:42 [restartedMain] INFO  o.s.b.a.l.ConditionEvaluationReportLogger - 

Error starting ApplicationContext. To display the condition evaluation report re-run your application with 'debug' enabled.
2025-12-04 21:07:42 [restartedMain] ERROR o.s.b.d.LoggingFailureAnalysisReporter - 

***************************
APPLICATION FAILED TO START
***************************

Description:

Parameter 0 of constructor in ketchupapp.ketchupbackend.controller.OrderController required a bean of type 'ketchupapp.ketchupbackend.service.OrderService' that could not be found.

The injection point has the following annotations:
	- @org.springframework.beans.factory.annotation.Qualifier("orderService")


Action:

Consider defining a bean of type 'ketchupapp.ketchupbackend.service.OrderService' in your configuration.

2025-12-04 21:07:43 [restartedMain] INFO  k.k.KetchupBackendApplication - Starting KetchupBackendApplication using Java 23.0.2 with PID 25356 (C:\Users\guill\IdeaProjects\KetchupBackend\target\classes started by guill in C:\Users\guill\IdeaProjects\KetchupBackend)
2025-12-04 21:07:43 [restartedMain] DEBUG k.k.KetchupBackendApplication - Running with Spring Boot v3.5.6, Spring v6.2.11
2025-12-04 21:07:43 [restartedMain] INFO  k.k.KetchupBackendApplication - No active profile set, falling back to 1 default profile: "default"
2025-12-04 21:07:44 [restartedMain] INFO  o.s.d.r.c.RepositoryConfigurationDelegate - Bootstrapping Spring Data MongoDB repositories in DEFAULT mode.
2025-12-04 21:07:44 [restartedMain] INFO  o.s.d.r.c.RepositoryConfigurationDelegate - Finished Spring Data repository scanning in 12 ms. Found 3 MongoDB repository interfaces.
2025-12-04 21:07:44 [restartedMain] INFO  o.s.b.w.e.tomcat.TomcatWebServer - Tomcat initialized with port 8080 (http)
2025-12-04 21:07:44 [restartedMain] INFO  o.a.coyote.http11.Http11NioProtocol - Initializing ProtocolHandler ["http-nio-8080"]
2025-12-04 21:07:44 [restartedMain] INFO  o.a.catalina.core.StandardService - Starting service [Tomcat]
2025-12-04 21:07:44 [restartedMain] INFO  o.a.catalina.core.StandardEngine - Starting Servlet engine: [Apache Tomcat/10.1.46]
2025-12-04 21:07:44 [restartedMain] INFO  o.a.c.c.C.[Tomcat-2].[localhost].[/] - Initializing Spring embedded WebApplicationContext
2025-12-04 21:07:44 [restartedMain] INFO  o.s.b.w.s.c.ServletWebServerApplicationContext - Root WebApplicationContext: initialization completed in 249 ms
2025-12-04 21:07:44 [restartedMain] INFO  org.mongodb.driver.client - MongoClient with metadata {"driver": {"name": "mongo-java-driver|sync|spring-boot", "version": "5.5.1"}, "os": {"type": "Windows", "name": "Windows 11", "architecture": "amd64", "version": "10.0"}, "platform": "Java/Oracle Corporation/23.0.2+7-58"} created with settings MongoClientSettings{readPreference=primary, writeConcern=WriteConcern{w=null, wTimeout=null ms, journal=null}, retryWrites=true, retryReads=true, readConcern=ReadConcern{level=null}, credential=null, transportSettings=null, commandListeners=[], codecRegistry=ProvidersCodecRegistry{codecProviders=[ValueCodecProvider{}, BsonValueCodecProvider{}, DBRefCodecProvider{}, DBObjectCodecProvider{}, DocumentCodecProvider{}, CollectionCodecProvider{}, IterableCodecProvider{}, MapCodecProvider{}, GeoJsonCodecProvider{}, GridFSFileCodecProvider{}, Jsr310CodecProvider{}, JsonObjectCodecProvider{}, BsonCodecProvider{}, EnumCodecProvider{}, com.mongodb.client.model.mql.ExpressionCodecProvider@2336473a, com.mongodb.Jep395RecordCodecProvider@67493720, com.mongodb.KotlinCodecProvider@1dbf0be4]}, loggerSettings=LoggerSettings{maxDocumentLength=1000}, clusterSettings={hosts=[localhost:27017], srvServiceName=mongodb, mode=SINGLE, requiredClusterType=UNKNOWN, requiredReplicaSetName='null', serverSelector='null', clusterListeners='[]', serverSelectionTimeout='30000 ms', localThreshold='15 ms'}, socketSettings=SocketSettings{connectTimeoutMS=10000, readTimeoutMS=0, receiveBufferSize=0, proxySettings=ProxySettings{host=null, port=null, username=null, password=null}}, heartbeatSocketSettings=SocketSettings{connectTimeoutMS=10000, readTimeoutMS=10000, receiveBufferSize=0, proxySettings=ProxySettings{host=null, port=null, username=null, password=null}}, connectionPoolSettings=ConnectionPoolSettings{maxSize=100, minSize=0, maxWaitTimeMS=120000, maxConnectionLifeTimeMS=0, maxConnectionIdleTimeMS=0, maintenanceInitialDelayMS=0, maintenanceFrequencyMS=60000, connectionPoolListeners=[], maxConnecting=2}, serverSettings=ServerSettings{heartbeatFrequencyMS=10000, minHeartbeatFrequencyMS=500, serverMonitoringMode=AUTO, serverListeners='[]', serverMonitorListeners='[]'}, sslSettings=SslSettings{enabled=false, invalidHostNameAllowed=false, context=null}, applicationName='null', compressorList=[], uuidRepresentation=JAVA_LEGACY, serverApi=null, autoEncryptionSettings=null, dnsClient=null, inetAddressResolver=null, contextProvider=null, timeoutMS=null}
2025-12-04 21:07:44 [cluster-ClusterId{value='69322250d023d11b26418c69', description='null'}-localhost:27017] INFO  org.mongodb.driver.cluster - Monitor thread successfully connected to server with description ServerDescription{address=localhost:27017, type=STANDALONE, cryptd=false, state=CONNECTED, ok=true, minWireVersion=0, maxWireVersion=25, maxDocumentSize=16777216, logicalSessionTimeoutMinutes=30, roundTripTimeNanos=1469800, minRoundTripTimeNanos=0}
2025-12-04 21:07:44 [restartedMain] DEBUG k.k.security.JwtAuthenticationFilter - Filter 'jwtAuthenticationFilter' configured for use
2025-12-04 21:07:44 [restartedMain] INFO  o.s.b.d.a.OptionalLiveReloadServer - LiveReload server is running on port 35729
2025-12-04 21:07:44 [restartedMain] INFO  o.s.s.c.a.a.c.InitializeAuthenticationProviderBeanManagerConfigurer$InitializeAuthenticationProviderManagerConfigurer - Global AuthenticationManager configured with AuthenticationProvider bean with name authenticationProvider
2025-12-04 21:07:44 [restartedMain] WARN  o.s.s.c.a.a.c.InitializeUserDetailsBeanManagerConfigurer$InitializeUserDetailsManagerConfigurer - Global AuthenticationManager configured with an AuthenticationProvider bean. UserDetailsService beans will not be used by Spring Security for automatically configuring username/password login. Consider removing the AuthenticationProvider bean. Alternatively, consider using the UserDetailsService in a manually instantiated DaoAuthenticationProvider. If the current configuration is intentional, to turn off this warning, increase the logging level of 'org.springframework.security.config.annotation.authentication.configuration.InitializeUserDetailsBeanManagerConfigurer' to ERROR
2025-12-04 21:07:44 [restartedMain] INFO  o.a.coyote.http11.Http11NioProtocol - Starting ProtocolHandler ["http-nio-8080"]
2025-12-04 21:07:44 [restartedMain] INFO  o.s.b.w.e.tomcat.TomcatWebServer - Tomcat started on port 8080 (http) with context path '/'
2025-12-04 21:07:44 [restartedMain] INFO  k.k.KetchupBackendApplication - Started KetchupBackendApplication in 0.511 seconds (process running for 577.175)
2025-12-04 21:07:44 [restartedMain] INFO  o.s.b.d.a.ConditionEvaluationDeltaLoggingListener - Condition evaluation unchanged
2025-12-04 21:07:59 [SpringApplicationShutdownHook] INFO  o.s.b.w.e.tomcat.GracefulShutdown - Commencing graceful shutdown. Waiting for active requests to complete
2025-12-04 21:07:59 [tomcat-shutdown] INFO  o.s.b.w.e.tomcat.GracefulShutdown - Graceful shutdown complete
2025-12-04 21:08:01 [background-preinit] INFO  o.h.validator.internal.util.Version - HV000001: Hibernate Validator 8.0.3.Final
2025-12-04 21:08:01 [restartedMain] INFO  k.k.KetchupBackendApplication - Starting KetchupBackendApplication using Java 23.0.2 with PID 13136 (C:\Users\guill\IdeaProjects\KetchupBackend\target\classes started by guill in C:\Users\guill\IdeaProjects\KetchupBackend)
2025-12-04 21:08:01 [restartedMain] DEBUG k.k.KetchupBackendApplication - Running with Spring Boot v3.5.6, Spring v6.2.11
2025-12-04 21:08:01 [restartedMain] INFO  k.k.KetchupBackendApplication - No active profile set, falling back to 1 default profile: "default"
2025-12-04 21:08:01 [restartedMain] INFO  o.s.b.d.e.DevToolsPropertyDefaultsPostProcessor - Devtools property defaults active! Set 'spring.devtools.add-properties' to 'false' to disable
2025-12-04 21:08:01 [restartedMain] INFO  o.s.b.d.e.DevToolsPropertyDefaultsPostProcessor - For additional web related logging consider setting the 'logging.level.web' property to 'DEBUG'
2025-12-04 21:08:02 [restartedMain] INFO  o.s.d.r.c.RepositoryConfigurationDelegate - Bootstrapping Spring Data MongoDB repositories in DEFAULT mode.
2025-12-04 21:08:02 [restartedMain] INFO  o.s.d.r.c.RepositoryConfigurationDelegate - Finished Spring Data repository scanning in 72 ms. Found 3 MongoDB repository interfaces.
2025-12-04 21:08:02 [restartedMain] INFO  o.s.b.w.e.tomcat.TomcatWebServer - Tomcat initialized with port 8080 (http)
2025-12-04 21:08:02 [restartedMain] INFO  o.a.coyote.http11.Http11NioProtocol - Initializing ProtocolHandler ["http-nio-8080"]
2025-12-04 21:08:02 [restartedMain] INFO  o.a.catalina.core.StandardService - Starting service [Tomcat]
2025-12-04 21:08:02 [restartedMain] INFO  o.a.catalina.core.StandardEngine - Starting Servlet engine: [Apache Tomcat/10.1.46]
2025-12-04 21:08:02 [restartedMain] INFO  o.a.c.c.C.[Tomcat].[localhost].[/] - Initializing Spring embedded WebApplicationContext
2025-12-04 21:08:02 [restartedMain] INFO  o.s.b.w.s.c.ServletWebServerApplicationContext - Root WebApplicationContext: initialization completed in 1556 ms
2025-12-04 21:08:03 [restartedMain] INFO  org.mongodb.driver.client - MongoClient with metadata {"driver": {"name": "mongo-java-driver|sync|spring-boot", "version": "5.5.1"}, "os": {"type": "Windows", "name": "Windows 11", "architecture": "amd64", "version": "10.0"}, "platform": "Java/Oracle Corporation/23.0.2+7-58"} created with settings MongoClientSettings{readPreference=primary, writeConcern=WriteConcern{w=null, wTimeout=null ms, journal=null}, retryWrites=true, retryReads=true, readConcern=ReadConcern{level=null}, credential=null, transportSettings=null, commandListeners=[], codecRegistry=ProvidersCodecRegistry{codecProviders=[ValueCodecProvider{}, BsonValueCodecProvider{}, DBRefCodecProvider{}, DBObjectCodecProvider{}, DocumentCodecProvider{}, CollectionCodecProvider{}, IterableCodecProvider{}, MapCodecProvider{}, GeoJsonCodecProvider{}, GridFSFileCodecProvider{}, Jsr310CodecProvider{}, JsonObjectCodecProvider{}, BsonCodecProvider{}, EnumCodecProvider{}, com.mongodb.client.model.mql.ExpressionCodecProvider@344bdc9b, com.mongodb.Jep395RecordCodecProvider@25d542bf, com.mongodb.KotlinCodecProvider@b0b9112]}, loggerSettings=LoggerSettings{maxDocumentLength=1000}, clusterSettings={hosts=[localhost:27017], srvServiceName=mongodb, mode=SINGLE, requiredClusterType=UNKNOWN, requiredReplicaSetName='null', serverSelector='null', clusterListeners='[]', serverSelectionTimeout='30000 ms', localThreshold='15 ms'}, socketSettings=SocketSettings{connectTimeoutMS=10000, readTimeoutMS=0, receiveBufferSize=0, proxySettings=ProxySettings{host=null, port=null, username=null, password=null}}, heartbeatSocketSettings=SocketSettings{connectTimeoutMS=10000, readTimeoutMS=10000, receiveBufferSize=0, proxySettings=ProxySettings{host=null, port=null, username=null, password=null}}, connectionPoolSettings=ConnectionPoolSettings{maxSize=100, minSize=0, maxWaitTimeMS=120000, maxConnectionLifeTimeMS=0, maxConnectionIdleTimeMS=0, maintenanceInitialDelayMS=0, maintenanceFrequencyMS=60000, connectionPoolListeners=[], maxConnecting=2}, serverSettings=ServerSettings{heartbeatFrequencyMS=10000, minHeartbeatFrequencyMS=500, serverMonitoringMode=AUTO, serverListeners='[]', serverMonitorListeners='[]'}, sslSettings=SslSettings{enabled=false, invalidHostNameAllowed=false, context=null}, applicationName='null', compressorList=[], uuidRepresentation=JAVA_LEGACY, serverApi=null, autoEncryptionSettings=null, dnsClient=null, inetAddressResolver=null, contextProvider=null, timeoutMS=null}
2025-12-04 21:08:03 [cluster-ClusterId{value='6932226314ee04b3420f9532', description='null'}-localhost:27017] INFO  org.mongodb.driver.cluster - Monitor thread successfully connected to server with description ServerDescription{address=localhost:27017, type=STANDALONE, cryptd=false, state=CONNECTED, ok=true, minWireVersion=0, maxWireVersion=25, maxDocumentSize=16777216, logicalSessionTimeoutMinutes=30, roundTripTimeNanos=21131300, minRoundTripTimeNanos=0}
2025-12-04 21:08:03 [restartedMain] DEBUG k.k.security.JwtAuthenticationFilter - Filter 'jwtAuthenticationFilter' configured for use
2025-12-04 21:08:03 [restartedMain] INFO  o.s.b.d.a.OptionalLiveReloadServer - LiveReload server is running on port 35729
2025-12-04 21:08:03 [restartedMain] INFO  o.s.s.c.a.a.c.InitializeAuthenticationProviderBeanManagerConfigurer$InitializeAuthenticationProviderManagerConfigurer - Global AuthenticationManager configured with AuthenticationProvider bean with name authenticationProvider
2025-12-04 21:08:03 [restartedMain] WARN  o.s.s.c.a.a.c.InitializeUserDetailsBeanManagerConfigurer$InitializeUserDetailsManagerConfigurer - Global AuthenticationManager configured with an AuthenticationProvider bean. UserDetailsService beans will not be used by Spring Security for automatically configuring username/password login. Consider removing the AuthenticationProvider bean. Alternatively, consider using the UserDetailsService in a manually instantiated DaoAuthenticationProvider. If the current configuration is intentional, to turn off this warning, increase the logging level of 'org.springframework.security.config.annotation.authentication.configuration.InitializeUserDetailsBeanManagerConfigurer' to ERROR
2025-12-04 21:08:04 [restartedMain] INFO  o.a.coyote.http11.Http11NioProtocol - Starting ProtocolHandler ["http-nio-8080"]
2025-12-04 21:08:04 [restartedMain] INFO  o.s.b.w.e.tomcat.TomcatWebServer - Tomcat started on port 8080 (http) with context path '/'
2025-12-04 21:08:04 [restartedMain] INFO  k.k.KetchupBackendApplication - Started KetchupBackendApplication in 3.472 seconds (process running for 4.234)
2025-12-04 21:08:06 [http-nio-8080-exec-3] INFO  o.a.c.c.C.[Tomcat].[localhost].[/] - Initializing Spring DispatcherServlet 'dispatcherServlet'
2025-12-04 21:08:06 [http-nio-8080-exec-3] INFO  o.s.web.servlet.DispatcherServlet - Initializing Servlet 'dispatcherServlet'
2025-12-04 21:08:06 [http-nio-8080-exec-3] INFO  o.s.web.servlet.DispatcherServlet - Completed initialization in 1 ms
2025-12-04 21:08:06 [http-nio-8080-exec-5] DEBUG o.s.data.mongodb.core.MongoTemplate - find using query: { "username" : "Guillermo"} fields: Document{{}} sort: null for class: class ketchupapp.ketchupbackend.model.User in collection: users
2025-12-04 21:08:06 [http-nio-8080-exec-6] DEBUG o.s.data.mongodb.core.MongoTemplate - find using query: { "username" : "Guillermo"} fields: Document{{}} sort: null for class: class ketchupapp.ketchupbackend.model.User in collection: users
2025-12-04 21:08:06 [http-nio-8080-exec-5] DEBUG o.s.data.mongodb.core.MongoTemplate - find using query: {} fields: Document{{}} sort: null for class: class ketchupapp.ketchupbackend.model.Order in collection: orders
2025-12-04 21:08:06 [http-nio-8080-exec-6] DEBUG o.s.data.mongodb.core.MongoTemplate - find using query: {} fields: Document{{}} sort: null for class: class ketchupapp.ketchupbackend.model.Food in collection: foods
2025-12-04 21:08:06 [http-nio-8080-exec-7] DEBUG o.s.data.mongodb.core.MongoTemplate - find using query: { "username" : "Guillermo"} fields: Document{{}} sort: null for class: class ketchupapp.ketchupbackend.model.User in collection: users
2025-12-04 21:08:06 [http-nio-8080-exec-8] DEBUG o.s.data.mongodb.core.MongoTemplate - find using query: { "username" : "Guillermo"} fields: Document{{}} sort: null for class: class ketchupapp.ketchupbackend.model.User in collection: users
2025-12-04 21:08:06 [http-nio-8080-exec-7] DEBUG o.s.data.mongodb.core.MongoTemplate - find using query: {} fields: Document{{}} sort: null for class: class ketchupapp.ketchupbackend.model.Food in collection: foods
2025-12-04 21:08:06 [http-nio-8080-exec-8] DEBUG o.s.data.mongodb.core.MongoTemplate - find using query: {} fields: Document{{}} sort: null for class: class ketchupapp.ketchupbackend.model.Order in collection: orders
2025-12-04 21:08:25 [http-nio-8080-exec-10] DEBUG o.s.data.mongodb.core.MongoTemplate - find using query: { "username" : "Guillermo"} fields: Document{{}} sort: null for class: class ketchupapp.ketchupbackend.model.User in collection: users
2025-12-04 21:08:25 [http-nio-8080-exec-10] INFO  k.k.service.OrderServiceImpl - INICIANDO VENTA: Cliente 'Alan' atendido por Cajero ID '6931f719400bfc7daa07126c'
2025-12-04 21:08:25 [http-nio-8080-exec-10] DEBUG o.s.data.mongodb.core.MongoTemplate - findOne using query: { "id" : "6931f719400bfc7daa07126c"} fields: Document{{}} for class: class ketchupapp.ketchupbackend.model.User in collection: users
2025-12-04 21:08:25 [http-nio-8080-exec-10] DEBUG k.k.service.InventoryServiceImpl - INVENTARIO: Verificando stock para 3 items...
2025-12-04 21:08:25 [http-nio-8080-exec-10] DEBUG o.s.data.mongodb.core.MongoTemplate - findOne using query: { "id" : "693212c206d8eb5cbb24a969"} fields: Document{{}} for class: class ketchupapp.ketchupbackend.model.Food in collection: foods
2025-12-04 21:08:25 [http-nio-8080-exec-10] DEBUG k.k.service.InventoryServiceImpl - INVENTARIO: Producto 'Chili Cheese Dog' | Stock actual: 40 | Solicitado: 1
2025-12-04 21:08:25 [http-nio-8080-exec-10] DEBUG o.s.data.mongodb.core.MongoTemplate - Saving Document containing fields: [_id, name, price, category, stock, image, _class]
2025-12-04 21:08:25 [http-nio-8080-exec-10] DEBUG k.k.service.InventoryServiceImpl - INVENTARIO: Stock descontado. Nuevo stock de 'Chili Cheese Dog': 39
2025-12-04 21:08:25 [http-nio-8080-exec-10] DEBUG o.s.data.mongodb.core.MongoTemplate - findOne using query: { "id" : "693212c206d8eb5cbb24a964"} fields: Document{{}} for class: class ketchupapp.ketchupbackend.model.Food in collection: foods
2025-12-04 21:08:25 [http-nio-8080-exec-10] DEBUG k.k.service.InventoryServiceImpl - INVENTARIO: Producto 'BBQ Bacon Burger' | Stock actual: 28 | Solicitado: 1
2025-12-04 21:08:25 [http-nio-8080-exec-10] DEBUG o.s.data.mongodb.core.MongoTemplate - Saving Document containing fields: [_id, name, price, category, stock, image, _class]
2025-12-04 21:08:25 [http-nio-8080-exec-10] DEBUG k.k.service.InventoryServiceImpl - INVENTARIO: Stock descontado. Nuevo stock de 'BBQ Bacon Burger': 27
2025-12-04 21:08:25 [http-nio-8080-exec-10] DEBUG o.s.data.mongodb.core.MongoTemplate - findOne using query: { "id" : "693212c206d8eb5cbb24a971"} fields: Document{{}} for class: class ketchupapp.ketchupbackend.model.Food in collection: foods
2025-12-04 21:08:25 [http-nio-8080-exec-10] DEBUG k.k.service.InventoryServiceImpl - INVENTARIO: Producto 'Strawberry Cheesecake' | Stock actual: 14 | Solicitado: 1
2025-12-04 21:08:25 [http-nio-8080-exec-10] DEBUG o.s.data.mongodb.core.MongoTemplate - Saving Document containing fields: [_id, name, price, category, stock, image, _class]
2025-12-04 21:08:25 [http-nio-8080-exec-10] DEBUG k.k.service.InventoryServiceImpl - INVENTARIO: Stock descontado. Nuevo stock de 'Strawberry Cheesecake': 13
2025-12-04 21:08:25 [http-nio-8080-exec-10] INFO  k.k.service.InventoryServiceImpl - INVENTARIO: Verificación y descuento completados exitosamente.
2025-12-04 21:08:25 [http-nio-8080-exec-10] DEBUG k.k.service.PaymentServiceImpl - PAGO: Procesando pago de tipo 'DEBIT_CARD'. Total a pagar: $17300.0, Monto recibido: $17300.0
2025-12-04 21:08:25 [http-nio-8080-exec-10] INFO  k.k.service.PaymentServiceImpl - PAGO: Transacción aprobada. Vuelto generado: $0.0
2025-12-04 21:08:25 [http-nio-8080-exec-10] DEBUG o.s.data.mongodb.core.MongoTemplate - Executing count: {} in collection: orders
2025-12-04 21:08:25 [http-nio-8080-exec-10] DEBUG o.s.data.mongodb.core.MongoTemplate - Inserting Document containing fields: [ticketNumber, clientName, items, orderTimestamp, employeeId, employeeName, payment, subtotal, totalAmount, kitchenNotes, _class] in collection: orders
2025-12-04 21:08:25 [http-nio-8080-exec-10] INFO  k.k.service.OrderServiceImpl - VENTA EXITOSA [Ticket #12]: Total $17300.0 | Medio de Pago: DEBIT_CARD | Items: 3
2025-12-04 21:08:27 [http-nio-8080-exec-4] DEBUG o.s.data.mongodb.core.MongoTemplate - find using query: { "username" : "Guillermo"} fields: Document{{}} sort: null for class: class ketchupapp.ketchupbackend.model.User in collection: users
2025-12-04 21:08:27 [http-nio-8080-exec-1] DEBUG o.s.data.mongodb.core.MongoTemplate - find using query: { "username" : "Guillermo"} fields: Document{{}} sort: null for class: class ketchupapp.ketchupbackend.model.User in collection: users
2025-12-04 21:08:27 [http-nio-8080-exec-4] DEBUG o.s.data.mongodb.core.MongoTemplate - find using query: {} fields: Document{{}} sort: null for class: class ketchupapp.ketchupbackend.model.Food in collection: foods
2025-12-04 21:08:27 [http-nio-8080-exec-1] DEBUG o.s.data.mongodb.core.MongoTemplate - findOne using query: { "id" : "6932227914ee04b3420f9533"} fields: Document{{}} for class: class ketchupapp.ketchupbackend.model.Order in collection: orders
2025-12-04 21:10:48 [SpringApplicationShutdownHook] INFO  o.s.b.w.e.tomcat.GracefulShutdown - Commencing graceful shutdown. Waiting for active requests to complete
2025-12-04 21:10:48 [tomcat-shutdown] INFO  o.s.b.w.e.tomcat.GracefulShutdown - Graceful shutdown complete
2025-12-04 21:21:09 [background-preinit] INFO  o.h.validator.internal.util.Version - HV000001: Hibernate Validator 8.0.3.Final
2025-12-04 21:21:09 [restartedMain] INFO  k.k.KetchupBackendApplication - Starting KetchupBackendApplication using Java 23.0.2 with PID 28448 (C:\Users\guill\IdeaProjects\KetchupBackend\target\classes started by guill in C:\Users\guill\IdeaProjects\KetchupBackend)
2025-12-04 21:21:09 [restartedMain] DEBUG k.k.KetchupBackendApplication - Running with Spring Boot v3.5.6, Spring v6.2.11
2025-12-04 21:21:09 [restartedMain] INFO  k.k.KetchupBackendApplication - No active profile set, falling back to 1 default profile: "default"
2025-12-04 21:21:09 [restartedMain] INFO  o.s.b.d.e.DevToolsPropertyDefaultsPostProcessor - Devtools property defaults active! Set 'spring.devtools.add-properties' to 'false' to disable
2025-12-04 21:21:09 [restartedMain] INFO  o.s.b.d.e.DevToolsPropertyDefaultsPostProcessor - For additional web related logging consider setting the 'logging.level.web' property to 'DEBUG'
2025-12-04 21:21:09 [restartedMain] INFO  o.s.d.r.c.RepositoryConfigurationDelegate - Bootstrapping Spring Data MongoDB repositories in DEFAULT mode.
2025-12-04 21:21:09 [restartedMain] INFO  o.s.d.r.c.RepositoryConfigurationDelegate - Finished Spring Data repository scanning in 40 ms. Found 3 MongoDB repository interfaces.
2025-12-04 21:21:10 [restartedMain] INFO  o.s.b.w.e.tomcat.TomcatWebServer - Tomcat initialized with port 8080 (http)
2025-12-04 21:21:10 [restartedMain] INFO  o.a.coyote.http11.Http11NioProtocol - Initializing ProtocolHandler ["http-nio-8080"]
2025-12-04 21:21:10 [restartedMain] INFO  o.a.catalina.core.StandardService - Starting service [Tomcat]
2025-12-04 21:21:10 [restartedMain] INFO  o.a.catalina.core.StandardEngine - Starting Servlet engine: [Apache Tomcat/10.1.46]
2025-12-04 21:21:10 [restartedMain] INFO  o.a.c.c.C.[Tomcat].[localhost].[/] - Initializing Spring embedded WebApplicationContext
2025-12-04 21:21:10 [restartedMain] INFO  o.s.b.w.s.c.ServletWebServerApplicationContext - Root WebApplicationContext: initialization completed in 925 ms
2025-12-04 21:21:10 [restartedMain] INFO  org.mongodb.driver.client - MongoClient with metadata {"driver": {"name": "mongo-java-driver|sync|spring-boot", "version": "5.5.1"}, "os": {"type": "Windows", "name": "Windows 11", "architecture": "amd64", "version": "10.0"}, "platform": "Java/Oracle Corporation/23.0.2+7-58"} created with settings MongoClientSettings{readPreference=primary, writeConcern=WriteConcern{w=null, wTimeout=null ms, journal=null}, retryWrites=true, retryReads=true, readConcern=ReadConcern{level=null}, credential=null, transportSettings=null, commandListeners=[], codecRegistry=ProvidersCodecRegistry{codecProviders=[ValueCodecProvider{}, BsonValueCodecProvider{}, DBRefCodecProvider{}, DBObjectCodecProvider{}, DocumentCodecProvider{}, CollectionCodecProvider{}, IterableCodecProvider{}, MapCodecProvider{}, GeoJsonCodecProvider{}, GridFSFileCodecProvider{}, Jsr310CodecProvider{}, JsonObjectCodecProvider{}, BsonCodecProvider{}, EnumCodecProvider{}, com.mongodb.client.model.mql.ExpressionCodecProvider@4dd1160b, com.mongodb.Jep395RecordCodecProvider@2d49e1aa, com.mongodb.KotlinCodecProvider@5618fa71]}, loggerSettings=LoggerSettings{maxDocumentLength=1000}, clusterSettings={hosts=[localhost:27017], srvServiceName=mongodb, mode=SINGLE, requiredClusterType=UNKNOWN, requiredReplicaSetName='null', serverSelector='null', clusterListeners='[]', serverSelectionTimeout='30000 ms', localThreshold='15 ms'}, socketSettings=SocketSettings{connectTimeoutMS=10000, readTimeoutMS=0, receiveBufferSize=0, proxySettings=ProxySettings{host=null, port=null, username=null, password=null}}, heartbeatSocketSettings=SocketSettings{connectTimeoutMS=10000, readTimeoutMS=10000, receiveBufferSize=0, proxySettings=ProxySettings{host=null, port=null, username=null, password=null}}, connectionPoolSettings=ConnectionPoolSettings{maxSize=100, minSize=0, maxWaitTimeMS=120000, maxConnectionLifeTimeMS=0, maxConnectionIdleTimeMS=0, maintenanceInitialDelayMS=0, maintenanceFrequencyMS=60000, connectionPoolListeners=[], maxConnecting=2}, serverSettings=ServerSettings{heartbeatFrequencyMS=10000, minHeartbeatFrequencyMS=500, serverMonitoringMode=AUTO, serverListeners='[]', serverMonitorListeners='[]'}, sslSettings=SslSettings{enabled=false, invalidHostNameAllowed=false, context=null}, applicationName='null', compressorList=[], uuidRepresentation=JAVA_LEGACY, serverApi=null, autoEncryptionSettings=null, dnsClient=null, inetAddressResolver=null, contextProvider=null, timeoutMS=null}
2025-12-04 21:21:10 [cluster-ClusterId{value='69322576b031eaff20109957', description='null'}-localhost:27017] INFO  org.mongodb.driver.cluster - Monitor thread successfully connected to server with description ServerDescription{address=localhost:27017, type=STANDALONE, cryptd=false, state=CONNECTED, ok=true, minWireVersion=0, maxWireVersion=25, maxDocumentSize=16777216, logicalSessionTimeoutMinutes=30, roundTripTimeNanos=14102500, minRoundTripTimeNanos=0}
2025-12-04 21:21:10 [restartedMain] DEBUG k.k.security.JwtAuthenticationFilter - Filter 'jwtAuthenticationFilter' configured for use
2025-12-04 21:21:10 [restartedMain] INFO  o.s.b.d.a.OptionalLiveReloadServer - LiveReload server is running on port 35729
2025-12-04 21:21:10 [restartedMain] INFO  o.s.s.c.a.a.c.InitializeAuthenticationProviderBeanManagerConfigurer$InitializeAuthenticationProviderManagerConfigurer - Global AuthenticationManager configured with AuthenticationProvider bean with name authenticationProvider
2025-12-04 21:21:10 [restartedMain] WARN  o.s.s.c.a.a.c.InitializeUserDetailsBeanManagerConfigurer$InitializeUserDetailsManagerConfigurer - Global AuthenticationManager configured with an AuthenticationProvider bean. UserDetailsService beans will not be used by Spring Security for automatically configuring username/password login. Consider removing the AuthenticationProvider bean. Alternatively, consider using the UserDetailsService in a manually instantiated DaoAuthenticationProvider. If the current configuration is intentional, to turn off this warning, increase the logging level of 'org.springframework.security.config.annotation.authentication.configuration.InitializeUserDetailsBeanManagerConfigurer' to ERROR
2025-12-04 21:21:11 [restartedMain] INFO  o.a.coyote.http11.Http11NioProtocol - Starting ProtocolHandler ["http-nio-8080"]
2025-12-04 21:21:11 [restartedMain] INFO  o.s.b.w.e.tomcat.TomcatWebServer - Tomcat started on port 8080 (http) with context path '/'
2025-12-04 21:21:11 [restartedMain] INFO  k.k.KetchupBackendApplication - Started KetchupBackendApplication in 2.268 seconds (process running for 2.873)
2025-12-04 21:22:01 [http-nio-8080-exec-1] INFO  o.a.c.c.C.[Tomcat].[localhost].[/] - Initializing Spring DispatcherServlet 'dispatcherServlet'
2025-12-04 21:22:01 [http-nio-8080-exec-1] INFO  o.s.web.servlet.DispatcherServlet - Initializing Servlet 'dispatcherServlet'
2025-12-04 21:22:01 [http-nio-8080-exec-1] INFO  o.s.web.servlet.DispatcherServlet - Completed initialization in 2 ms
2025-12-04 21:22:01 [http-nio-8080-exec-1] DEBUG o.s.data.mongodb.core.MongoTemplate - find using query: { "username" : "Guillermo"} fields: Document{{}} sort: null for class: class ketchupapp.ketchupbackend.model.User in collection: users
2025-12-04 21:22:02 [http-nio-8080-exec-1] INFO  k.k.service.OrderServiceImpl - INICIANDO VENTA: Cliente 'Guillermo' atendido por Cajero ID '6931f719400bfc7daa07126c'
2025-12-04 21:22:02 [http-nio-8080-exec-1] DEBUG o.s.data.mongodb.core.MongoTemplate - findOne using query: { "id" : "6931f719400bfc7daa07126c"} fields: Document{{}} for class: class ketchupapp.ketchupbackend.model.User in collection: users
2025-12-04 21:22:02 [http-nio-8080-exec-1] DEBUG k.k.service.InventoryServiceImpl - INVENTARIO: Verificando stock para 2 items...
2025-12-04 21:22:02 [http-nio-8080-exec-1] DEBUG o.s.data.mongodb.core.MongoTemplate - findOne using query: { "id" : "693212c206d8eb5cbb24a965"} fields: Document{{}} for class: class ketchupapp.ketchupbackend.model.Food in collection: foods
2025-12-04 21:22:02 [http-nio-8080-exec-1] DEBUG k.k.service.InventoryServiceImpl - INVENTARIO: Producto 'Pepperoni Pizza' | Stock actual: 30 | Solicitado: 1
2025-12-04 21:22:02 [http-nio-8080-exec-1] DEBUG o.s.data.mongodb.core.MongoTemplate - Saving Document containing fields: [_id, name, price, category, stock, image, _class]
2025-12-04 21:22:02 [http-nio-8080-exec-1] DEBUG k.k.service.InventoryServiceImpl - INVENTARIO: Stock descontado. Nuevo stock de 'Pepperoni Pizza': 29
2025-12-04 21:22:02 [http-nio-8080-exec-1] DEBUG o.s.data.mongodb.core.MongoTemplate - findOne using query: { "id" : "693212c206d8eb5cbb24a96e"} fields: Document{{}} for class: class ketchupapp.ketchupbackend.model.Food in collection: foods
2025-12-04 21:22:02 [http-nio-8080-exec-1] DEBUG k.k.service.InventoryServiceImpl - INVENTARIO: Producto 'Coca Cola 350ml' | Stock actual: 196 | Solicitado: 3
2025-12-04 21:22:02 [http-nio-8080-exec-1] DEBUG o.s.data.mongodb.core.MongoTemplate - Saving Document containing fields: [_id, name, price, category, stock, image, _class]
2025-12-04 21:22:02 [http-nio-8080-exec-1] DEBUG k.k.service.InventoryServiceImpl - INVENTARIO: Stock descontado. Nuevo stock de 'Coca Cola 350ml': 193
2025-12-04 21:22:02 [http-nio-8080-exec-1] INFO  k.k.service.InventoryServiceImpl - INVENTARIO: Verificación y descuento completados exitosamente.
2025-12-04 21:22:02 [http-nio-8080-exec-1] DEBUG k.k.service.PaymentServiceImpl - PAGO: Procesando pago de tipo 'CASH'. Total a pagar: $15000.0, Monto recibido: $16000.0
2025-12-04 21:22:02 [http-nio-8080-exec-1] DEBUG k.k.service.PaymentServiceImpl - PAGO: Calculando vuelto en efectivo: $1000.0
2025-12-04 21:22:02 [http-nio-8080-exec-1] INFO  k.k.service.PaymentServiceImpl - PAGO: Transacción aprobada. Vuelto generado: $1000.0
2025-12-04 21:22:02 [http-nio-8080-exec-1] DEBUG o.s.data.mongodb.core.MongoTemplate - Executing count: {} in collection: orders
2025-12-04 21:22:02 [http-nio-8080-exec-1] DEBUG o.s.data.mongodb.core.MongoTemplate - Inserting Document containing fields: [ticketNumber, clientName, items, orderTimestamp, employeeId, employeeName, payment, subtotal, totalAmount, kitchenNotes, _class] in collection: orders
2025-12-04 21:22:02 [http-nio-8080-exec-1] INFO  k.k.service.OrderServiceImpl - VENTA EXITOSA [Ticket #13]: Total $15000.0 | Medio de Pago: CASH | Items: 2
2025-12-04 21:22:04 [http-nio-8080-exec-4] DEBUG o.s.data.mongodb.core.MongoTemplate - find using query: { "username" : "Guillermo"} fields: Document{{}} sort: null for class: class ketchupapp.ketchupbackend.model.User in collection: users
2025-12-04 21:22:04 [http-nio-8080-exec-5] DEBUG o.s.data.mongodb.core.MongoTemplate - find using query: { "username" : "Guillermo"} fields: Document{{}} sort: null for class: class ketchupapp.ketchupbackend.model.User in collection: users
2025-12-04 21:22:04 [http-nio-8080-exec-5] DEBUG o.s.data.mongodb.core.MongoTemplate - find using query: {} fields: Document{{}} sort: null for class: class ketchupapp.ketchupbackend.model.Food in collection: foods
2025-12-04 21:22:04 [http-nio-8080-exec-4] DEBUG o.s.data.mongodb.core.MongoTemplate - findOne using query: { "id" : "693225aab031eaff20109958"} fields: Document{{}} for class: class ketchupapp.ketchupbackend.model.Order in collection: orders
2025-12-06 16:29:01 [restartedMain] INFO  k.k.KetchupBackendApplication - Starting KetchupBackendApplication using Java 25 with PID 18492 (C:\Users\guill\IdeaProjects\KetchupBackend\target\classes started by guill in C:\Users\guill\IdeaProjects\KetchupBackend)
2025-12-06 16:29:01 [restartedMain] DEBUG k.k.KetchupBackendApplication - Running with Spring Boot v3.5.6, Spring v6.2.11
2025-12-06 16:29:01 [restartedMain] INFO  k.k.KetchupBackendApplication - No active profile set, falling back to 1 default profile: "default"
2025-12-06 16:29:01 [restartedMain] INFO  o.s.d.r.c.RepositoryConfigurationDelegate - Bootstrapping Spring Data MongoDB repositories in DEFAULT mode.
2025-12-06 16:29:01 [restartedMain] WARN  o.s.b.w.s.c.AnnotationConfigServletWebServerApplicationContext - Exception encountered during context initialization - cancelling refresh attempt: java.lang.NoClassDefFoundError: ketchupapp/ketchupbackend/model/FoodCategory
2025-12-06 16:29:01 [restartedMain] INFO  o.s.b.a.l.ConditionEvaluationReportLogger - 

Error starting ApplicationContext. To display the condition evaluation report re-run your application with 'debug' enabled.
2025-12-06 16:29:01 [restartedMain] ERROR o.s.boot.SpringApplication - Application run failed
java.lang.NoClassDefFoundError: ketchupapp/ketchupbackend/model/FoodCategory
	at java.base/java.lang.Class.getDeclaredMethods0(Native Method)
	at java.base/java.lang.Class.privateGetDeclaredMethods(Class.java:3010)
	at java.base/java.lang.Class.privateGetPublicMethods(Class.java:3031)
	at java.base/java.lang.Class.getMethods(Class.java:1996)
	at org.springframework.data.util.ReactiveWrappers.usesReactiveType(ReactiveWrappers.java:141)
	at org.springframework.data.repository.core.support.AbstractRepositoryMetadata.isReactiveRepository(AbstractRepositoryMetadata.java:135)
	at org.springframework.data.mongodb.repository.config.MongoRepositoryConfigurationExtension.useRepositoryConfiguration(MongoRepositoryConfigurationExtension.java:102)
	at org.springframework.data.repository.config.RepositoryConfigurationExtensionSupport.getRepositoryConfigurations(RepositoryConfigurationExtensionSupport.java:98)
	at org.springframework.data.repository.config.RepositoryConfigurationDelegate.registerRepositoriesIn(RepositoryConfigurationDelegate.java:170)
	at org.springframework.boot.autoconfigure.data.AbstractRepositoryConfigurationSourceSupport.registerBeanDefinitions(AbstractRepositoryConfigurationSourceSupport.java:62)
	at org.springframework.context.annotation.ConfigurationClassBeanDefinitionReader.lambda$loadBeanDefinitionsFromRegistrars$1(ConfigurationClassBeanDefinitionReader.java:401)
	at java.base/java.util.LinkedHashMap.forEach(LinkedHashMap.java:987)
	at org.springframework.context.annotation.ConfigurationClassBeanDefinitionReader.loadBeanDefinitionsFromRegistrars(ConfigurationClassBeanDefinitionReader.java:400)
	at org.springframework.context.annotation.ConfigurationClassBeanDefinitionReader.loadBeanDefinitionsForConfigurationClass(ConfigurationClassBeanDefinitionReader.java:148)
	at org.springframework.context.annotation.ConfigurationClassBeanDefinitionReader.loadBeanDefinitions(ConfigurationClassBeanDefinitionReader.java:120)
	at org.springframework.context.annotation.ConfigurationClassPostProcessor.processConfigBeanDefinitions(ConfigurationClassPostProcessor.java:430)
	at org.springframework.context.annotation.ConfigurationClassPostProcessor.postProcessBeanDefinitionRegistry(ConfigurationClassPostProcessor.java:290)
	at org.springframework.context.support.PostProcessorRegistrationDelegate.invokeBeanDefinitionRegistryPostProcessors(PostProcessorRegistrationDelegate.java:349)
	at org.springframework.context.support.PostProcessorRegistrationDelegate.invokeBeanFactoryPostProcessors(PostProcessorRegistrationDelegate.java:118)
	at org.springframework.context.support.AbstractApplicationContext.invokeBeanFactoryPostProcessors(AbstractApplicationContext.java:791)
	at org.springframework.context.support.AbstractApplicationContext.refresh(AbstractApplicationContext.java:609)
	at org.springframework.boot.web.servlet.context.ServletWebServerApplicationContext.refresh(ServletWebServerApplicationContext.java:146)
	at org.springframework.boot.SpringApplication.refresh(SpringApplication.java:752)
	at org.springframework.boot.SpringApplication.refreshContext(SpringApplication.java:439)
	at org.springframework.boot.SpringApplication.run(SpringApplication.java:318)
	at org.springframework.boot.SpringApplication.run(SpringApplication.java:1361)
	at org.springframework.boot.SpringApplication.run(SpringApplication.java:1350)
	at ketchupapp.ketchupbackend.KetchupBackendApplication.main(KetchupBackendApplication.java:10)
	at java.base/jdk.internal.reflect.DirectMethodHandleAccessor.invoke(DirectMethodHandleAccessor.java:104)
	at java.base/java.lang.reflect.Method.invoke(Method.java:565)
	at org.springframework.boot.devtools.restart.RestartLauncher.run(RestartLauncher.java:50)
Caused by: java.lang.ClassNotFoundException: ketchupapp.ketchupbackend.model.FoodCategory
	at java.base/jdk.internal.loader.BuiltinClassLoader.loadClass(BuiltinClassLoader.java:580)
	at java.base/java.lang.ClassLoader.loadClass(ClassLoader.java:490)
	at java.base/java.lang.Class.forName0(Native Method)
	at java.base/java.lang.Class.forName(Class.java:547)
	at org.springframework.boot.devtools.restart.classloader.RestartClassLoader.loadClass(RestartClassLoader.java:121)
	at java.base/java.lang.ClassLoader.loadClass(ClassLoader.java:490)
	... 31 common frames omitted
2025-12-06 16:29:03 [restartedMain] INFO  k.k.KetchupBackendApplication - Starting KetchupBackendApplication using Java 25 with PID 18492 (C:\Users\guill\IdeaProjects\KetchupBackend\target\classes started by guill in C:\Users\guill\IdeaProjects\KetchupBackend)
2025-12-06 16:29:03 [restartedMain] DEBUG k.k.KetchupBackendApplication - Running with Spring Boot v3.5.6, Spring v6.2.11
2025-12-06 16:29:03 [restartedMain] INFO  k.k.KetchupBackendApplication - No active profile set, falling back to 1 default profile: "default"
2025-12-06 16:29:03 [restartedMain] INFO  o.s.d.r.c.RepositoryConfigurationDelegate - Bootstrapping Spring Data MongoDB repositories in DEFAULT mode.
2025-12-06 16:29:03 [restartedMain] INFO  o.s.d.r.c.RepositoryConfigurationDelegate - Finished Spring Data repository scanning in 12 ms. Found 3 MongoDB repository interfaces.
2025-12-06 16:29:03 [restartedMain] INFO  o.s.b.w.e.tomcat.TomcatWebServer - Tomcat initialized with port 8080 (http)
2025-12-06 16:29:03 [restartedMain] INFO  o.a.catalina.core.StandardService - Starting service [Tomcat]
2025-12-06 16:29:03 [restartedMain] INFO  o.a.catalina.core.StandardEngine - Starting Servlet engine: [Apache Tomcat/10.1.46]
2025-12-06 16:29:03 [restartedMain] INFO  o.a.c.c.C.[Tomcat].[localhost].[/] - Initializing Spring embedded WebApplicationContext
2025-12-06 16:29:03 [restartedMain] INFO  o.s.b.w.s.c.ServletWebServerApplicationContext - Root WebApplicationContext: initialization completed in 200 ms
2025-12-06 16:29:03 [restartedMain] INFO  org.mongodb.driver.client - MongoClient with metadata {"driver": {"name": "mongo-java-driver|sync|spring-boot", "version": "5.5.1"}, "os": {"type": "Windows", "name": "Windows 11", "architecture": "amd64", "version": "10.0"}, "platform": "Java/Oracle Corporation/25+36-3489"} created with settings MongoClientSettings{readPreference=primary, writeConcern=WriteConcern{w=null, wTimeout=null ms, journal=null}, retryWrites=true, retryReads=true, readConcern=ReadConcern{level=null}, credential=null, transportSettings=null, commandListeners=[], codecRegistry=ProvidersCodecRegistry{codecProviders=[ValueCodecProvider{}, BsonValueCodecProvider{}, DBRefCodecProvider{}, DBObjectCodecProvider{}, DocumentCodecProvider{}, CollectionCodecProvider{}, IterableCodecProvider{}, MapCodecProvider{}, GeoJsonCodecProvider{}, GridFSFileCodecProvider{}, Jsr310CodecProvider{}, JsonObjectCodecProvider{}, BsonCodecProvider{}, EnumCodecProvider{}, com.mongodb.client.model.mql.ExpressionCodecProvider@629b575f, com.mongodb.Jep395RecordCodecProvider@302cfec8, com.mongodb.KotlinCodecProvider@3d8c9022]}, loggerSettings=LoggerSettings{maxDocumentLength=1000}, clusterSettings={hosts=[localhost:27017], srvServiceName=mongodb, mode=SINGLE, requiredClusterType=UNKNOWN, requiredReplicaSetName='null', serverSelector='null', clusterListeners='[]', serverSelectionTimeout='30000 ms', localThreshold='15 ms'}, socketSettings=SocketSettings{connectTimeoutMS=10000, readTimeoutMS=0, receiveBufferSize=0, proxySettings=ProxySettings{host=null, port=null, username=null, password=null}}, heartbeatSocketSettings=SocketSettings{connectTimeoutMS=10000, readTimeoutMS=10000, receiveBufferSize=0, proxySettings=ProxySettings{host=null, port=null, username=null, password=null}}, connectionPoolSettings=ConnectionPoolSettings{maxSize=100, minSize=0, maxWaitTimeMS=120000, maxConnectionLifeTimeMS=0, maxConnectionIdleTimeMS=0, maintenanceInitialDelayMS=0, maintenanceFrequencyMS=60000, connectionPoolListeners=[], maxConnecting=2}, serverSettings=ServerSettings{heartbeatFrequencyMS=10000, minHeartbeatFrequencyMS=500, serverMonitoringMode=AUTO, serverListeners='[]', serverMonitorListeners='[]'}, sslSettings=SslSettings{enabled=false, invalidHostNameAllowed=false, context=null}, applicationName='null', compressorList=[], uuidRepresentation=JAVA_LEGACY, serverApi=null, autoEncryptionSettings=null, dnsClient=null, inetAddressResolver=null, contextProvider=null, timeoutMS=null}
2025-12-06 16:29:03 [cluster-ClusterId{value='693483ff28feb0ec3420b09a', description='null'}-localhost:27017] INFO  org.mongodb.driver.cluster - Monitor thread successfully connected to server with description ServerDescription{address=localhost:27017, type=STANDALONE, cryptd=false, state=CONNECTED, ok=true, minWireVersion=0, maxWireVersion=27, maxDocumentSize=16777216, logicalSessionTimeoutMinutes=30, roundTripTimeNanos=1056300, minRoundTripTimeNanos=0}
2025-12-06 16:29:03 [restartedMain] DEBUG k.k.security.JwtAuthenticationFilter - Filter 'jwtAuthenticationFilter' configured for use
2025-12-06 16:29:03 [restartedMain] INFO  o.s.b.d.a.OptionalLiveReloadServer - LiveReload server is running on port 35729
2025-12-06 16:29:03 [restartedMain] INFO  o.s.s.c.a.a.c.InitializeAuthenticationProviderBeanManagerConfigurer$InitializeAuthenticationProviderManagerConfigurer - Global AuthenticationManager configured with AuthenticationProvider bean with name authenticationProvider
2025-12-06 16:29:03 [restartedMain] WARN  o.s.s.c.a.a.c.InitializeUserDetailsBeanManagerConfigurer$InitializeUserDetailsManagerConfigurer - Global AuthenticationManager configured with an AuthenticationProvider bean. UserDetailsService beans will not be used by Spring Security for automatically configuring username/password login. Consider removing the AuthenticationProvider bean. Alternatively, consider using the UserDetailsService in a manually instantiated DaoAuthenticationProvider. If the current configuration is intentional, to turn off this warning, increase the logging level of 'org.springframework.security.config.annotation.authentication.configuration.InitializeUserDetailsBeanManagerConfigurer' to ERROR
2025-12-06 16:29:03 [restartedMain] INFO  o.s.b.w.e.tomcat.TomcatWebServer - Tomcat started on port 8080 (http) with context path '/'
2025-12-06 16:29:03 [restartedMain] INFO  k.k.KetchupBackendApplication - Started KetchupBackendApplication in 0.367 seconds (process running for 47.142)
2025-12-06 16:29:03 [restartedMain] INFO  o.s.b.d.a.ConditionEvaluationDeltaLoggingListener - Condition evaluation unchanged
2025-12-06 16:29:11 [http-nio-8080-exec-2] INFO  o.a.c.c.C.[Tomcat].[localhost].[/] - Initializing Spring DispatcherServlet 'dispatcherServlet'
2025-12-06 16:29:11 [http-nio-8080-exec-2] INFO  o.s.web.servlet.DispatcherServlet - Initializing Servlet 'dispatcherServlet'
2025-12-06 16:29:11 [http-nio-8080-exec-2] INFO  o.s.web.servlet.DispatcherServlet - Completed initialization in 1 ms
2025-12-06 16:29:11 [http-nio-8080-exec-5] ERROR o.a.c.c.C.[.[.[.[dispatcherServlet] - Servlet.service() for servlet [dispatcherServlet] in context with path [] threw exception
io.jsonwebtoken.ExpiredJwtException: JWT expired at 2025-12-05T05:24:42Z. Current time: 2025-12-06T19:29:11Z, a difference of 137069750 milliseconds.  Allowed clock skew: 0 milliseconds.
	at io.jsonwebtoken.impl.DefaultJwtParser.parse(DefaultJwtParser.java:427)
	at io.jsonwebtoken.impl.DefaultJwtParser.parse(DefaultJwtParser.java:529)
	at io.jsonwebtoken.impl.DefaultJwtParser.parseClaimsJws(DefaultJwtParser.java:589)
	at io.jsonwebtoken.impl.ImmutableJwtParser.parseClaimsJws(ImmutableJwtParser.java:173)
	at ketchupapp.ketchupbackend.security.JwtService.extractAllClaims(JwtService.java:63)
	at ketchupapp.ketchupbackend.security.JwtService.extractClaim(JwtService.java:28)
	at ketchupapp.ketchupbackend.security.JwtService.extractUsername(JwtService.java:24)
	at ketchupapp.ketchupbackend.security.JwtAuthenticationFilter.doFilterInternal(JwtAuthenticationFilter.java:45)
	at org.springframework.web.filter.OncePerRequestFilter.doFilter(OncePerRequestFilter.java:116)
	at org.springframework.security.web.FilterChainProxy$VirtualFilterChain.doFilter(FilterChainProxy.java:374)
	at org.springframework.security.web.authentication.logout.LogoutFilter.doFilter(LogoutFilter.java:107)
	at org.springframework.security.web.authentication.logout.LogoutFilter.doFilter(LogoutFilter.java:93)
	at org.springframework.security.web.FilterChainProxy$VirtualFilterChain.doFilter(FilterChainProxy.java:374)
	at org.springframework.web.filter.CorsFilter.doFilterInternal(CorsFilter.java:91)
	at org.springframework.web.filter.OncePerRequestFilter.doFilter(OncePerRequestFilter.java:116)
	at org.springframework.security.web.FilterChainProxy$VirtualFilterChain.doFilter(FilterChainProxy.java:374)
	at org.springframework.security.web.header.HeaderWriterFilter.doHeadersAfter(HeaderWriterFilter.java:90)
	at org.springframework.security.web.header.HeaderWriterFilter.doFilterInternal(HeaderWriterFilter.java:75)
	at org.springframework.web.filter.OncePerRequestFilter.doFilter(OncePerRequestFilter.java:116)
	at org.springframework.security.web.FilterChainProxy$VirtualFilterChain.doFilter(FilterChainProxy.java:374)
	at org.springframework.security.web.context.SecurityContextHolderFilter.doFilter(SecurityContextHolderFilter.java:82)
	at org.springframework.security.web.context.SecurityContextHolderFilter.doFilter(SecurityContextHolderFilter.java:69)
	at org.springframework.security.web.FilterChainProxy$VirtualFilterChain.doFilter(FilterChainProxy.java:374)
	at org.springframework.security.web.context.request.async.WebAsyncManagerIntegrationFilter.doFilterInternal(WebAsyncManagerIntegrationFilter.java:62)
	at org.springframework.web.filter.OncePerRequestFilter.doFilter(OncePerRequestFilter.java:116)
	at org.springframework.security.web.FilterChainProxy$VirtualFilterChain.doFilter(FilterChainProxy.java:374)
	at org.springframework.security.web.session.DisableEncodeUrlFilter.doFilterInternal(DisableEncodeUrlFilter.java:42)
	at org.springframework.web.filter.OncePerRequestFilter.doFilter(OncePerRequestFilter.java:116)
	at org.springframework.security.web.FilterChainProxy$VirtualFilterChain.doFilter(FilterChainProxy.java:374)
	at org.springframework.security.web.FilterChainProxy.doFilterInternal(FilterChainProxy.java:233)
	at org.springframework.security.web.FilterChainProxy.doFilter(FilterChainProxy.java:191)
	at org.springframework.web.filter.CompositeFilter$VirtualFilterChain.doFilter(CompositeFilter.java:113)
	at org.springframework.web.filter.ServletRequestPathFilter.doFilter(ServletRequestPathFilter.java:52)
	at org.springframework.web.filter.CompositeFilter$VirtualFilterChain.doFilter(CompositeFilter.java:113)
	at org.springframework.web.filter.CompositeFilter.doFilter(CompositeFilter.java:74)
	at org.springframework.security.config.annotation.web.configuration.WebSecurityConfiguration$CompositeFilterChainProxy.doFilter(WebSecurityConfiguration.java:319)
	at org.springframework.web.filter.CompositeFilter$VirtualFilterChain.doFilter(CompositeFilter.java:113)
	at org.springframework.web.servlet.handler.HandlerMappingIntrospector.lambda$createCacheFilter$4(HandlerMappingIntrospector.java:267)
	at org.springframework.web.filter.CompositeFilter$VirtualFilterChain.doFilter(CompositeFilter.java:113)
	at org.springframework.web.filter.CompositeFilter.doFilter(CompositeFilter.java:74)
	at org.springframework.security.config.annotation.web.configuration.WebMvcSecurityConfiguration$CompositeFilterChainProxy.doFilter(WebMvcSecurityConfiguration.java:240)
	at org.springframework.web.filter.DelegatingFilterProxy.invokeDelegate(DelegatingFilterProxy.java:362)
	at org.springframework.web.filter.DelegatingFilterProxy.doFilter(DelegatingFilterProxy.java:278)
	at org.apache.catalina.core.ApplicationFilterChain.internalDoFilter(ApplicationFilterChain.java:164)
	at org.apache.catalina.core.ApplicationFilterChain.doFilter(ApplicationFilterChain.java:140)
	at org.springframework.web.filter.RequestContextFilter.doFilterInternal(RequestContextFilter.java:100)
	at org.springframework.web.filter.OncePerRequestFilter.doFilter(OncePerRequestFilter.java:116)
	at org.apache.catalina.core.ApplicationFilterChain.internalDoFilter(ApplicationFilterChain.java:164)
	at org.apache.catalina.core.ApplicationFilterChain.doFilter(ApplicationFilterChain.java:140)
	at org.springframework.web.filter.FormContentFilter.doFilterInternal(FormContentFilter.java:93)
	at org.springframework.web.filter.OncePerRequestFilter.doFilter(OncePerRequestFilter.java:116)
	at org.apache.catalina.core.ApplicationFilterChain.internalDoFilter(ApplicationFilterChain.java:164)
	at org.apache.catalina.core.ApplicationFilterChain.doFilter(ApplicationFilterChain.java:140)
	at org.springframework.web.filter.CharacterEncodingFilter.doFilterInternal(CharacterEncodingFilter.java:201)
	at org.springframework.web.filter.OncePerRequestFilter.doFilter(OncePerRequestFilter.java:116)
	at org.apache.catalina.core.ApplicationFilterChain.internalDoFilter(ApplicationFilterChain.java:164)
	at org.apache.catalina.core.ApplicationFilterChain.doFilter(ApplicationFilterChain.java:140)
	at org.apache.catalina.core.StandardWrapperValve.invoke(StandardWrapperValve.java:167)
	at org.apache.catalina.core.StandardContextValve.invoke(StandardContextValve.java:90)
	at org.apache.catalina.authenticator.AuthenticatorBase.invoke(AuthenticatorBase.java:483)
	at org.apache.catalina.core.StandardHostValve.invoke(StandardHostValve.java:116)
	at org.apache.catalina.valves.ErrorReportValve.invoke(ErrorReportValve.java:93)
	at org.apache.catalina.core.StandardEngineValve.invoke(StandardEngineValve.java:74)
	at org.apache.catalina.connector.CoyoteAdapter.service(CoyoteAdapter.java:344)
	at org.apache.coyote.http11.Http11Processor.service(Http11Processor.java:398)
	at org.apache.coyote.AbstractProcessorLight.process(AbstractProcessorLight.java:63)
	at org.apache.coyote.AbstractProtocol$ConnectionHandler.process(AbstractProtocol.java:903)
	at org.apache.tomcat.util.net.NioEndpoint$SocketProcessor.doRun(NioEndpoint.java:1776)
	at org.apache.tomcat.util.net.SocketProcessorBase.run(SocketProcessorBase.java:52)
	at org.apache.tomcat.util.threads.ThreadPoolExecutor.runWorker(ThreadPoolExecutor.java:975)
	at org.apache.tomcat.util.threads.ThreadPoolExecutor$Worker.run(ThreadPoolExecutor.java:493)
	at org.apache.tomcat.util.threads.TaskThread$WrappingRunnable.run(TaskThread.java:63)
	at java.base/java.lang.Thread.run(Thread.java:1474)
2025-12-06 16:29:11 [http-nio-8080-exec-4] ERROR o.a.c.c.C.[.[.[.[dispatcherServlet] - Servlet.service() for servlet [dispatcherServlet] in context with path [] threw exception
io.jsonwebtoken.ExpiredJwtException: JWT expired at 2025-12-05T05:24:42Z. Current time: 2025-12-06T19:29:11Z, a difference of 137069750 milliseconds.  Allowed clock skew: 0 milliseconds.
	at io.jsonwebtoken.impl.DefaultJwtParser.parse(DefaultJwtParser.java:427)
	at io.jsonwebtoken.impl.DefaultJwtParser.parse(DefaultJwtParser.java:529)
	at io.jsonwebtoken.impl.DefaultJwtParser.parseClaimsJws(DefaultJwtParser.java:589)
	at io.jsonwebtoken.impl.ImmutableJwtParser.parseClaimsJws(ImmutableJwtParser.java:173)
	at ketchupapp.ketchupbackend.security.JwtService.extractAllClaims(JwtService.java:63)
	at ketchupapp.ketchupbackend.security.JwtService.extractClaim(JwtService.java:28)
	at ketchupapp.ketchupbackend.security.JwtService.extractUsername(JwtService.java:24)
	at ketchupapp.ketchupbackend.security.JwtAuthenticationFilter.doFilterInternal(JwtAuthenticationFilter.java:45)
	at org.springframework.web.filter.OncePerRequestFilter.doFilter(OncePerRequestFilter.java:116)
	at org.springframework.security.web.FilterChainProxy$VirtualFilterChain.doFilter(FilterChainProxy.java:374)
	at org.springframework.security.web.authentication.logout.LogoutFilter.doFilter(LogoutFilter.java:107)
	at org.springframework.security.web.authentication.logout.LogoutFilter.doFilter(LogoutFilter.java:93)
	at org.springframework.security.web.FilterChainProxy$VirtualFilterChain.doFilter(FilterChainProxy.java:374)
	at org.springframework.web.filter.CorsFilter.doFilterInternal(CorsFilter.java:91)
	at org.springframework.web.filter.OncePerRequestFilter.doFilter(OncePerRequestFilter.java:116)
	at org.springframework.security.web.FilterChainProxy$VirtualFilterChain.doFilter(FilterChainProxy.java:374)
	at org.springframework.security.web.header.HeaderWriterFilter.doHeadersAfter(HeaderWriterFilter.java:90)
	at org.springframework.security.web.header.HeaderWriterFilter.doFilterInternal(HeaderWriterFilter.java:75)
	at org.springframework.web.filter.OncePerRequestFilter.doFilter(OncePerRequestFilter.java:116)
	at org.springframework.security.web.FilterChainProxy$VirtualFilterChain.doFilter(FilterChainProxy.java:374)
	at org.springframework.security.web.context.SecurityContextHolderFilter.doFilter(SecurityContextHolderFilter.java:82)
	at org.springframework.security.web.context.SecurityContextHolderFilter.doFilter(SecurityContextHolderFilter.java:69)
	at org.springframework.security.web.FilterChainProxy$VirtualFilterChain.doFilter(FilterChainProxy.java:374)
	at org.springframework.security.web.context.request.async.WebAsyncManagerIntegrationFilter.doFilterInternal(WebAsyncManagerIntegrationFilter.java:62)
	at org.springframework.web.filter.OncePerRequestFilter.doFilter(OncePerRequestFilter.java:116)
	at org.springframework.security.web.FilterChainProxy$VirtualFilterChain.doFilter(FilterChainProxy.java:374)
	at org.springframework.security.web.session.DisableEncodeUrlFilter.doFilterInternal(DisableEncodeUrlFilter.java:42)
	at org.springframework.web.filter.OncePerRequestFilter.doFilter(OncePerRequestFilter.java:116)
	at org.springframework.security.web.FilterChainProxy$VirtualFilterChain.doFilter(FilterChainProxy.java:374)
	at org.springframework.security.web.FilterChainProxy.doFilterInternal(FilterChainProxy.java:233)
	at org.springframework.security.web.FilterChainProxy.doFilter(FilterChainProxy.java:191)
	at org.springframework.web.filter.CompositeFilter$VirtualFilterChain.doFilter(CompositeFilter.java:113)
	at org.springframework.web.filter.ServletRequestPathFilter.doFilter(ServletRequestPathFilter.java:52)
	at org.springframework.web.filter.CompositeFilter$VirtualFilterChain.doFilter(CompositeFilter.java:113)
	at org.springframework.web.filter.CompositeFilter.doFilter(CompositeFilter.java:74)
	at org.springframework.security.config.annotation.web.configuration.WebSecurityConfiguration$CompositeFilterChainProxy.doFilter(WebSecurityConfiguration.java:319)
	at org.springframework.web.filter.CompositeFilter$VirtualFilterChain.doFilter(CompositeFilter.java:113)
	at org.springframework.web.servlet.handler.HandlerMappingIntrospector.lambda$createCacheFilter$4(HandlerMappingIntrospector.java:267)
	at org.springframework.web.filter.CompositeFilter$VirtualFilterChain.doFilter(CompositeFilter.java:113)
	at org.springframework.web.filter.CompositeFilter.doFilter(CompositeFilter.java:74)
	at org.springframework.security.config.annotation.web.configuration.WebMvcSecurityConfiguration$CompositeFilterChainProxy.doFilter(WebMvcSecurityConfiguration.java:240)
	at org.springframework.web.filter.DelegatingFilterProxy.invokeDelegate(DelegatingFilterProxy.java:362)
	at org.springframework.web.filter.DelegatingFilterProxy.doFilter(DelegatingFilterProxy.java:278)
	at org.apache.catalina.core.ApplicationFilterChain.internalDoFilter(ApplicationFilterChain.java:164)
	at org.apache.catalina.core.ApplicationFilterChain.doFilter(ApplicationFilterChain.java:140)
	at org.springframework.web.filter.RequestContextFilter.doFilterInternal(RequestContextFilter.java:100)
	at org.springframework.web.filter.OncePerRequestFilter.doFilter(OncePerRequestFilter.java:116)
	at org.apache.catalina.core.ApplicationFilterChain.internalDoFilter(ApplicationFilterChain.java:164)
	at org.apache.catalina.core.ApplicationFilterChain.doFilter(ApplicationFilterChain.java:140)
	at org.springframework.web.filter.FormContentFilter.doFilterInternal(FormContentFilter.java:93)
	at org.springframework.web.filter.OncePerRequestFilter.doFilter(OncePerRequestFilter.java:116)
	at org.apache.catalina.core.ApplicationFilterChain.internalDoFilter(ApplicationFilterChain.java:164)
	at org.apache.catalina.core.ApplicationFilterChain.doFilter(ApplicationFilterChain.java:140)
	at org.springframework.web.filter.CharacterEncodingFilter.doFilterInternal(CharacterEncodingFilter.java:201)
	at org.springframework.web.filter.OncePerRequestFilter.doFilter(OncePerRequestFilter.java:116)
	at org.apache.catalina.core.ApplicationFilterChain.internalDoFilter(ApplicationFilterChain.java:164)
	at org.apache.catalina.core.ApplicationFilterChain.doFilter(ApplicationFilterChain.java:140)
	at org.apache.catalina.core.StandardWrapperValve.invoke(StandardWrapperValve.java:167)
	at org.apache.catalina.core.StandardContextValve.invoke(StandardContextValve.java:90)
	at org.apache.catalina.authenticator.AuthenticatorBase.invoke(AuthenticatorBase.java:483)
	at org.apache.catalina.core.StandardHostValve.invoke(StandardHostValve.java:116)
	at org.apache.catalina.valves.ErrorReportValve.invoke(ErrorReportValve.java:93)
	at org.apache.catalina.core.StandardEngineValve.invoke(StandardEngineValve.java:74)
	at org.apache.catalina.connector.CoyoteAdapter.service(CoyoteAdapter.java:344)
	at org.apache.coyote.http11.Http11Processor.service(Http11Processor.java:398)
	at org.apache.coyote.AbstractProcessorLight.process(AbstractProcessorLight.java:63)
	at org.apache.coyote.AbstractProtocol$ConnectionHandler.process(AbstractProtocol.java:903)
	at org.apache.tomcat.util.net.NioEndpoint$SocketProcessor.doRun(NioEndpoint.java:1776)
	at org.apache.tomcat.util.net.SocketProcessorBase.run(SocketProcessorBase.java:52)
	at org.apache.tomcat.util.threads.ThreadPoolExecutor.runWorker(ThreadPoolExecutor.java:975)
	at org.apache.tomcat.util.threads.ThreadPoolExecutor$Worker.run(ThreadPoolExecutor.java:493)
	at org.apache.tomcat.util.threads.TaskThread$WrappingRunnable.run(TaskThread.java:63)
	at java.base/java.lang.Thread.run(Thread.java:1474)
2025-12-06 16:29:11 [http-nio-8080-exec-7] ERROR o.a.c.c.C.[.[.[.[dispatcherServlet] - Servlet.service() for servlet [dispatcherServlet] in context with path [] threw exception
io.jsonwebtoken.ExpiredJwtException: JWT expired at 2025-12-05T05:24:42Z. Current time: 2025-12-06T19:29:11Z, a difference of 137069765 milliseconds.  Allowed clock skew: 0 milliseconds.
	at io.jsonwebtoken.impl.DefaultJwtParser.parse(DefaultJwtParser.java:427)
	at io.jsonwebtoken.impl.DefaultJwtParser.parse(DefaultJwtParser.java:529)
	at io.jsonwebtoken.impl.DefaultJwtParser.parseClaimsJws(DefaultJwtParser.java:589)
	at io.jsonwebtoken.impl.ImmutableJwtParser.parseClaimsJws(ImmutableJwtParser.java:173)
	at ketchupapp.ketchupbackend.security.JwtService.extractAllClaims(JwtService.java:63)
	at ketchupapp.ketchupbackend.security.JwtService.extractClaim(JwtService.java:28)
	at ketchupapp.ketchupbackend.security.JwtService.extractUsername(JwtService.java:24)
	at ketchupapp.ketchupbackend.security.JwtAuthenticationFilter.doFilterInternal(JwtAuthenticationFilter.java:45)
	at org.springframework.web.filter.OncePerRequestFilter.doFilter(OncePerRequestFilter.java:116)
	at org.springframework.security.web.FilterChainProxy$VirtualFilterChain.doFilter(FilterChainProxy.java:374)
	at org.springframework.security.web.authentication.logout.LogoutFilter.doFilter(LogoutFilter.java:107)
	at org.springframework.security.web.authentication.logout.LogoutFilter.doFilter(LogoutFilter.java:93)
	at org.springframework.security.web.FilterChainProxy$VirtualFilterChain.doFilter(FilterChainProxy.java:374)
	at org.springframework.web.filter.CorsFilter.doFilterInternal(CorsFilter.java:91)
	at org.springframework.web.filter.OncePerRequestFilter.doFilter(OncePerRequestFilter.java:116)
	at org.springframework.security.web.FilterChainProxy$VirtualFilterChain.doFilter(FilterChainProxy.java:374)
	at org.springframework.security.web.header.HeaderWriterFilter.doHeadersAfter(HeaderWriterFilter.java:90)
	at org.springframework.security.web.header.HeaderWriterFilter.doFilterInternal(HeaderWriterFilter.java:75)
	at org.springframework.web.filter.OncePerRequestFilter.doFilter(OncePerRequestFilter.java:116)
	at org.springframework.security.web.FilterChainProxy$VirtualFilterChain.doFilter(FilterChainProxy.java:374)
	at org.springframework.security.web.context.SecurityContextHolderFilter.doFilter(SecurityContextHolderFilter.java:82)
	at org.springframework.security.web.context.SecurityContextHolderFilter.doFilter(SecurityContextHolderFilter.java:69)
	at org.springframework.security.web.FilterChainProxy$VirtualFilterChain.doFilter(FilterChainProxy.java:374)
	at org.springframework.security.web.context.request.async.WebAsyncManagerIntegrationFilter.doFilterInternal(WebAsyncManagerIntegrationFilter.java:62)
	at org.springframework.web.filter.OncePerRequestFilter.doFilter(OncePerRequestFilter.java:116)
	at org.springframework.security.web.FilterChainProxy$VirtualFilterChain.doFilter(FilterChainProxy.java:374)
	at org.springframework.security.web.session.DisableEncodeUrlFilter.doFilterInternal(DisableEncodeUrlFilter.java:42)
	at org.springframework.web.filter.OncePerRequestFilter.doFilter(OncePerRequestFilter.java:116)
	at org.springframework.security.web.FilterChainProxy$VirtualFilterChain.doFilter(FilterChainProxy.java:374)
	at org.springframework.security.web.FilterChainProxy.doFilterInternal(FilterChainProxy.java:233)
	at org.springframework.security.web.FilterChainProxy.doFilter(FilterChainProxy.java:191)
	at org.springframework.web.filter.CompositeFilter$VirtualFilterChain.doFilter(CompositeFilter.java:113)
	at org.springframework.web.filter.ServletRequestPathFilter.doFilter(ServletRequestPathFilter.java:52)
	at org.springframework.web.filter.CompositeFilter$VirtualFilterChain.doFilter(CompositeFilter.java:113)
	at org.springframework.web.filter.CompositeFilter.doFilter(CompositeFilter.java:74)
	at org.springframework.security.config.annotation.web.configuration.WebSecurityConfiguration$CompositeFilterChainProxy.doFilter(WebSecurityConfiguration.java:319)
	at org.springframework.web.filter.CompositeFilter$VirtualFilterChain.doFilter(CompositeFilter.java:113)
	at org.springframework.web.servlet.handler.HandlerMappingIntrospector.lambda$createCacheFilter$4(HandlerMappingIntrospector.java:267)
	at org.springframework.web.filter.CompositeFilter$VirtualFilterChain.doFilter(CompositeFilter.java:113)
	at org.springframework.web.filter.CompositeFilter.doFilter(CompositeFilter.java:74)
	at org.springframework.security.config.annotation.web.configuration.WebMvcSecurityConfiguration$CompositeFilterChainProxy.doFilter(WebMvcSecurityConfiguration.java:240)
	at org.springframework.web.filter.DelegatingFilterProxy.invokeDelegate(DelegatingFilterProxy.java:362)
	at org.springframework.web.filter.DelegatingFilterProxy.doFilter(DelegatingFilterProxy.java:278)
	at org.apache.catalina.core.ApplicationFilterChain.internalDoFilter(ApplicationFilterChain.java:164)
	at org.apache.catalina.core.ApplicationFilterChain.doFilter(ApplicationFilterChain.java:140)
	at org.springframework.web.filter.RequestContextFilter.doFilterInternal(RequestContextFilter.java:100)
	at org.springframework.web.filter.OncePerRequestFilter.doFilter(OncePerRequestFilter.java:116)
	at org.apache.catalina.core.ApplicationFilterChain.internalDoFilter(ApplicationFilterChain.java:164)
	at org.apache.catalina.core.ApplicationFilterChain.doFilter(ApplicationFilterChain.java:140)
	at org.springframework.web.filter.FormContentFilter.doFilterInternal(FormContentFilter.java:93)
	at org.springframework.web.filter.OncePerRequestFilter.doFilter(OncePerRequestFilter.java:116)
	at org.apache.catalina.core.ApplicationFilterChain.internalDoFilter(ApplicationFilterChain.java:164)
	at org.apache.catalina.core.ApplicationFilterChain.doFilter(ApplicationFilterChain.java:140)
	at org.springframework.web.filter.CharacterEncodingFilter.doFilterInternal(CharacterEncodingFilter.java:201)
	at org.springframework.web.filter.OncePerRequestFilter.doFilter(OncePerRequestFilter.java:116)
	at org.apache.catalina.core.ApplicationFilterChain.internalDoFilter(ApplicationFilterChain.java:164)
	at org.apache.catalina.core.ApplicationFilterChain.doFilter(ApplicationFilterChain.java:140)
	at org.apache.catalina.core.StandardWrapperValve.invoke(StandardWrapperValve.java:167)
	at org.apache.catalina.core.StandardContextValve.invoke(StandardContextValve.java:90)
	at org.apache.catalina.authenticator.AuthenticatorBase.invoke(AuthenticatorBase.java:483)
	at org.apache.catalina.core.StandardHostValve.invoke(StandardHostValve.java:116)
	at org.apache.catalina.valves.ErrorReportValve.invoke(ErrorReportValve.java:93)
	at org.apache.catalina.core.StandardEngineValve.invoke(StandardEngineValve.java:74)
	at org.apache.catalina.connector.CoyoteAdapter.service(CoyoteAdapter.java:344)
	at org.apache.coyote.http11.Http11Processor.service(Http11Processor.java:398)
	at org.apache.coyote.AbstractProcessorLight.process(AbstractProcessorLight.java:63)
	at org.apache.coyote.AbstractProtocol$ConnectionHandler.process(AbstractProtocol.java:903)
	at org.apache.tomcat.util.net.NioEndpoint$SocketProcessor.doRun(NioEndpoint.java:1776)
	at org.apache.tomcat.util.net.SocketProcessorBase.run(SocketProcessorBase.java:52)
	at org.apache.tomcat.util.threads.ThreadPoolExecutor.runWorker(ThreadPoolExecutor.java:975)
	at org.apache.tomcat.util.threads.ThreadPoolExecutor$Worker.run(ThreadPoolExecutor.java:493)
	at org.apache.tomcat.util.threads.TaskThread$WrappingRunnable.run(TaskThread.java:63)
	at java.base/java.lang.Thread.run(Thread.java:1474)
2025-12-06 16:29:11 [http-nio-8080-exec-8] ERROR o.a.c.c.C.[.[.[.[dispatcherServlet] - Servlet.service() for servlet [dispatcherServlet] in context with path [] threw exception
io.jsonwebtoken.ExpiredJwtException: JWT expired at 2025-12-05T05:24:42Z. Current time: 2025-12-06T19:29:11Z, a difference of 137069765 milliseconds.  Allowed clock skew: 0 milliseconds.
	at io.jsonwebtoken.impl.DefaultJwtParser.parse(DefaultJwtParser.java:427)
	at io.jsonwebtoken.impl.DefaultJwtParser.parse(DefaultJwtParser.java:529)
	at io.jsonwebtoken.impl.DefaultJwtParser.parseClaimsJws(DefaultJwtParser.java:589)
	at io.jsonwebtoken.impl.ImmutableJwtParser.parseClaimsJws(ImmutableJwtParser.java:173)
	at ketchupapp.ketchupbackend.security.JwtService.extractAllClaims(JwtService.java:63)
	at ketchupapp.ketchupbackend.security.JwtService.extractClaim(JwtService.java:28)
	at ketchupapp.ketchupbackend.security.JwtService.extractUsername(JwtService.java:24)
	at ketchupapp.ketchupbackend.security.JwtAuthenticationFilter.doFilterInternal(JwtAuthenticationFilter.java:45)
	at org.springframework.web.filter.OncePerRequestFilter.doFilter(OncePerRequestFilter.java:116)
	at org.springframework.security.web.FilterChainProxy$VirtualFilterChain.doFilter(FilterChainProxy.java:374)
	at org.springframework.security.web.authentication.logout.LogoutFilter.doFilter(LogoutFilter.java:107)
	at org.springframework.security.web.authentication.logout.LogoutFilter.doFilter(LogoutFilter.java:93)
	at org.springframework.security.web.FilterChainProxy$VirtualFilterChain.doFilter(FilterChainProxy.java:374)
	at org.springframework.web.filter.CorsFilter.doFilterInternal(CorsFilter.java:91)
	at org.springframework.web.filter.OncePerRequestFilter.doFilter(OncePerRequestFilter.java:116)
	at org.springframework.security.web.FilterChainProxy$VirtualFilterChain.doFilter(FilterChainProxy.java:374)
	at org.springframework.security.web.header.HeaderWriterFilter.doHeadersAfter(HeaderWriterFilter.java:90)
	at org.springframework.security.web.header.HeaderWriterFilter.doFilterInternal(HeaderWriterFilter.java:75)
	at org.springframework.web.filter.OncePerRequestFilter.doFilter(OncePerRequestFilter.java:116)
	at org.springframework.security.web.FilterChainProxy$VirtualFilterChain.doFilter(FilterChainProxy.java:374)
	at org.springframework.security.web.context.SecurityContextHolderFilter.doFilter(SecurityContextHolderFilter.java:82)
	at org.springframework.security.web.context.SecurityContextHolderFilter.doFilter(SecurityContextHolderFilter.java:69)
	at org.springframework.security.web.FilterChainProxy$VirtualFilterChain.doFilter(FilterChainProxy.java:374)
	at org.springframework.security.web.context.request.async.WebAsyncManagerIntegrationFilter.doFilterInternal(WebAsyncManagerIntegrationFilter.java:62)
	at org.springframework.web.filter.OncePerRequestFilter.doFilter(OncePerRequestFilter.java:116)
	at org.springframework.security.web.FilterChainProxy$VirtualFilterChain.doFilter(FilterChainProxy.java:374)
	at org.springframework.security.web.session.DisableEncodeUrlFilter.doFilterInternal(DisableEncodeUrlFilter.java:42)
	at org.springframework.web.filter.OncePerRequestFilter.doFilter(OncePerRequestFilter.java:116)
	at org.springframework.security.web.FilterChainProxy$VirtualFilterChain.doFilter(FilterChainProxy.java:374)
	at org.springframework.security.web.FilterChainProxy.doFilterInternal(FilterChainProxy.java:233)
	at org.springframework.security.web.FilterChainProxy.doFilter(FilterChainProxy.java:191)
	at org.springframework.web.filter.CompositeFilter$VirtualFilterChain.doFilter(CompositeFilter.java:113)
	at org.springframework.web.filter.ServletRequestPathFilter.doFilter(ServletRequestPathFilter.java:52)
	at org.springframework.web.filter.CompositeFilter$VirtualFilterChain.doFilter(CompositeFilter.java:113)
	at org.springframework.web.filter.CompositeFilter.doFilter(CompositeFilter.java:74)
	at org.springframework.security.config.annotation.web.configuration.WebSecurityConfiguration$CompositeFilterChainProxy.doFilter(WebSecurityConfiguration.java:319)
	at org.springframework.web.filter.CompositeFilter$VirtualFilterChain.doFilter(CompositeFilter.java:113)
	at org.springframework.web.servlet.handler.HandlerMappingIntrospector.lambda$createCacheFilter$4(HandlerMappingIntrospector.java:267)
	at org.springframework.web.filter.CompositeFilter$VirtualFilterChain.doFilter(CompositeFilter.java:113)
	at org.springframework.web.filter.CompositeFilter.doFilter(CompositeFilter.java:74)
	at org.springframework.security.config.annotation.web.configuration.WebMvcSecurityConfiguration$CompositeFilterChainProxy.doFilter(WebMvcSecurityConfiguration.java:240)
	at org.springframework.web.filter.DelegatingFilterProxy.invokeDelegate(DelegatingFilterProxy.java:362)
	at org.springframework.web.filter.DelegatingFilterProxy.doFilter(DelegatingFilterProxy.java:278)
	at org.apache.catalina.core.ApplicationFilterChain.internalDoFilter(ApplicationFilterChain.java:164)
	at org.apache.catalina.core.ApplicationFilterChain.doFilter(ApplicationFilterChain.java:140)
	at org.springframework.web.filter.RequestContextFilter.doFilterInternal(RequestContextFilter.java:100)
	at org.springframework.web.filter.OncePerRequestFilter.doFilter(OncePerRequestFilter.java:116)
	at org.apache.catalina.core.ApplicationFilterChain.internalDoFilter(ApplicationFilterChain.java:164)
	at org.apache.catalina.core.ApplicationFilterChain.doFilter(ApplicationFilterChain.java:140)
	at org.springframework.web.filter.FormContentFilter.doFilterInternal(FormContentFilter.java:93)
	at org.springframework.web.filter.OncePerRequestFilter.doFilter(OncePerRequestFilter.java:116)
	at org.apache.catalina.core.ApplicationFilterChain.internalDoFilter(ApplicationFilterChain.java:164)
	at org.apache.catalina.core.ApplicationFilterChain.doFilter(ApplicationFilterChain.java:140)
	at org.springframework.web.filter.CharacterEncodingFilter.doFilterInternal(CharacterEncodingFilter.java:201)
	at org.springframework.web.filter.OncePerRequestFilter.doFilter(OncePerRequestFilter.java:116)
	at org.apache.catalina.core.ApplicationFilterChain.internalDoFilter(ApplicationFilterChain.java:164)
	at org.apache.catalina.core.ApplicationFilterChain.doFilter(ApplicationFilterChain.java:140)
	at org.apache.catalina.core.StandardWrapperValve.invoke(StandardWrapperValve.java:167)
	at org.apache.catalina.core.StandardContextValve.invoke(StandardContextValve.java:90)
	at org.apache.catalina.authenticator.AuthenticatorBase.invoke(AuthenticatorBase.java:483)
	at org.apache.catalina.core.StandardHostValve.invoke(StandardHostValve.java:116)
	at org.apache.catalina.valves.ErrorReportValve.invoke(ErrorReportValve.java:93)
	at org.apache.catalina.core.StandardEngineValve.invoke(StandardEngineValve.java:74)
	at org.apache.catalina.connector.CoyoteAdapter.service(CoyoteAdapter.java:344)
	at org.apache.coyote.http11.Http11Processor.service(Http11Processor.java:398)
	at org.apache.coyote.AbstractProcessorLight.process(AbstractProcessorLight.java:63)
	at org.apache.coyote.AbstractProtocol$ConnectionHandler.process(AbstractProtocol.java:903)
	at org.apache.tomcat.util.net.NioEndpoint$SocketProcessor.doRun(NioEndpoint.java:1776)
	at org.apache.tomcat.util.net.SocketProcessorBase.run(SocketProcessorBase.java:52)
	at org.apache.tomcat.util.threads.ThreadPoolExecutor.runWorker(ThreadPoolExecutor.java:975)
	at org.apache.tomcat.util.threads.ThreadPoolExecutor$Worker.run(ThreadPoolExecutor.java:493)
	at org.apache.tomcat.util.threads.TaskThread$WrappingRunnable.run(TaskThread.java:63)
	at java.base/java.lang.Thread.run(Thread.java:1474)
2025-12-06 16:29:50 [http-nio-8080-exec-10] DEBUG o.s.data.mongodb.core.MongoTemplate - find using query: { "username" : "Guillermo"} fields: Document{{}} sort: null for class: class ketchupapp.ketchupbackend.model.User in collection: users
2025-12-06 16:29:50 [http-nio-8080-exec-10] WARN  o.s.w.s.m.m.a.ExceptionHandlerExceptionResolver - Resolved [org.springframework.security.authentication.BadCredentialsException: Bad credentials]
2025-12-06 16:29:56 [http-nio-8080-exec-6] DEBUG o.s.data.mongodb.core.MongoTemplate - find using query: { "username" : "Luchito"} fields: Document{{}} sort: null for class: class ketchupapp.ketchupbackend.model.User in collection: users
2025-12-06 16:29:56 [http-nio-8080-exec-6] DEBUG o.s.data.mongodb.core.MongoTemplate - find using query: { "username" : "Luchito"} fields: Document{{}} sort: null for class: class ketchupapp.ketchupbackend.model.User in collection: users
2025-12-06 16:29:56 [http-nio-8080-exec-6] DEBUG o.s.data.mongodb.core.MongoTemplate - findOne using query: { "id" : "6931bf27b17c769ec1a358c0"} fields: Document{{}} for class: class ketchupapp.ketchupbackend.model.User in collection: users
2025-12-06 16:29:56 [http-nio-8080-exec-8] DEBUG o.s.data.mongodb.core.MongoTemplate - find using query: { "username" : "Luchito"} fields: Document{{}} sort: null for class: class ketchupapp.ketchupbackend.model.User in collection: users
2025-12-06 16:29:56 [http-nio-8080-exec-7] DEBUG o.s.data.mongodb.core.MongoTemplate - find using query: { "username" : "Luchito"} fields: Document{{}} sort: null for class: class ketchupapp.ketchupbackend.model.User in collection: users
2025-12-06 16:29:56 [http-nio-8080-exec-8] DEBUG o.s.data.mongodb.core.MongoTemplate - find using query: {} fields: Document{{}} sort: null for class: class ketchupapp.ketchupbackend.model.Food in collection: foods
2025-12-06 16:29:56 [http-nio-8080-exec-7] DEBUG o.s.data.mongodb.core.MongoTemplate - find using query: {} fields: Document{{}} sort: null for class: class ketchupapp.ketchupbackend.model.Order in collection: orders
2025-12-06 16:29:56 [http-nio-8080-exec-9] DEBUG o.s.data.mongodb.core.MongoTemplate - find using query: { "username" : "Luchito"} fields: Document{{}} sort: null for class: class ketchupapp.ketchupbackend.model.User in collection: users
2025-12-06 16:29:56 [http-nio-8080-exec-9] DEBUG o.s.data.mongodb.core.MongoTemplate - find using query: {} fields: Document{{}} sort: null for class: class ketchupapp.ketchupbackend.model.Food in collection: foods
2025-12-06 16:29:56 [http-nio-8080-exec-10] DEBUG o.s.data.mongodb.core.MongoTemplate - find using query: { "username" : "Luchito"} fields: Document{{}} sort: null for class: class ketchupapp.ketchupbackend.model.User in collection: users
2025-12-06 16:29:56 [http-nio-8080-exec-10] DEBUG o.s.data.mongodb.core.MongoTemplate - find using query: {} fields: Document{{}} sort: null for class: class ketchupapp.ketchupbackend.model.Order in collection: orders
2025-12-06 16:30:45 [http-nio-8080-exec-6] DEBUG o.s.data.mongodb.core.MongoTemplate - find using query: { "username" : "Luchito"} fields: Document{{}} sort: null for class: class ketchupapp.ketchupbackend.model.User in collection: users
2025-12-06 16:30:45 [http-nio-8080-exec-6] INFO  k.k.service.OrderServiceImpl - INICIANDO VENTA: Cliente 'Guillermo' atendido por Cajero ID '6931bf27b17c769ec1a358c0'
2025-12-06 16:30:45 [http-nio-8080-exec-6] DEBUG o.s.data.mongodb.core.MongoTemplate - findOne using query: { "id" : "6931bf27b17c769ec1a358c0"} fields: Document{{}} for class: class ketchupapp.ketchupbackend.model.User in collection: users
2025-12-06 16:30:45 [http-nio-8080-exec-6] DEBUG k.k.service.InventoryServiceImpl - INVENTARIO: Verificando stock para 4 items...
2025-12-06 16:30:45 [http-nio-8080-exec-6] DEBUG o.s.data.mongodb.core.MongoTemplate - findOne using query: { "id" : "69027223c05b41664ff0eb61"} fields: Document{{}} for class: class ketchupapp.ketchupbackend.model.Food in collection: foods
2025-12-06 16:30:45 [http-nio-8080-exec-6] DEBUG k.k.service.InventoryServiceImpl - INVENTARIO: Producto 'Beacon Burger Mix' | Stock actual: 8 | Solicitado: 1
2025-12-06 16:30:45 [http-nio-8080-exec-6] DEBUG o.s.data.mongodb.core.MongoTemplate - Saving Document containing fields: [_id, name, price, category, stock, image, _class]
2025-12-06 16:30:45 [http-nio-8080-exec-6] DEBUG k.k.service.InventoryServiceImpl - INVENTARIO: Stock descontado. Nuevo stock de 'Beacon Burger Mix': 7
2025-12-06 16:30:45 [http-nio-8080-exec-6] DEBUG o.s.data.mongodb.core.MongoTemplate - findOne using query: { "id" : "69027223c05b41664ff0eb62"} fields: Document{{}} for class: class ketchupapp.ketchupbackend.model.Food in collection: foods
2025-12-06 16:30:45 [http-nio-8080-exec-6] DEBUG k.k.service.InventoryServiceImpl - INVENTARIO: Producto 'Terminator Burger' | Stock actual: 10 | Solicitado: 1
2025-12-06 16:30:45 [http-nio-8080-exec-6] DEBUG o.s.data.mongodb.core.MongoTemplate - Saving Document containing fields: [_id, name, price, category, stock, image, _class]
2025-12-06 16:30:45 [http-nio-8080-exec-6] DEBUG k.k.service.InventoryServiceImpl - INVENTARIO: Stock descontado. Nuevo stock de 'Terminator Burger': 9
2025-12-06 16:30:45 [http-nio-8080-exec-6] DEBUG o.s.data.mongodb.core.MongoTemplate - findOne using query: { "id" : "69027223c05b41664ff0eb63"} fields: Document{{}} for class: class ketchupapp.ketchupbackend.model.Food in collection: foods
2025-12-06 16:30:45 [http-nio-8080-exec-6] DEBUG k.k.service.InventoryServiceImpl - INVENTARIO: Producto 'Super Fries XL' | Stock actual: 12 | Solicitado: 1
2025-12-06 16:30:45 [http-nio-8080-exec-6] DEBUG o.s.data.mongodb.core.MongoTemplate - Saving Document containing fields: [_id, name, price, category, stock, image, _class]
2025-12-06 16:30:45 [http-nio-8080-exec-6] DEBUG k.k.service.InventoryServiceImpl - INVENTARIO: Stock descontado. Nuevo stock de 'Super Fries XL': 11
2025-12-06 16:30:45 [http-nio-8080-exec-6] DEBUG o.s.data.mongodb.core.MongoTemplate - findOne using query: { "id" : "69027223c05b41664ff0eb66"} fields: Document{{}} for class: class ketchupapp.ketchupbackend.model.Food in collection: foods
2025-12-06 16:30:45 [http-nio-8080-exec-6] DEBUG k.k.service.InventoryServiceImpl - INVENTARIO: Producto 'Pepperoni pizza whit pineapple' | Stock actual: 19 | Solicitado: 1
2025-12-06 16:30:45 [http-nio-8080-exec-6] DEBUG o.s.data.mongodb.core.MongoTemplate - Saving Document containing fields: [_id, name, price, category, stock, image, _class]
2025-12-06 16:30:45 [http-nio-8080-exec-6] DEBUG k.k.service.InventoryServiceImpl - INVENTARIO: Stock descontado. Nuevo stock de 'Pepperoni pizza whit pineapple': 18
2025-12-06 16:30:45 [http-nio-8080-exec-6] INFO  k.k.service.InventoryServiceImpl - INVENTARIO: Verificación y descuento completados exitosamente.
2025-12-06 16:30:45 [http-nio-8080-exec-6] DEBUG k.k.service.PaymentServiceImpl - PAGO: Procesando pago de tipo 'CASH'. Total a pagar: $36600.0, Monto recibido: $40000.0
2025-12-06 16:30:45 [http-nio-8080-exec-6] DEBUG k.k.service.PaymentServiceImpl - PAGO: Calculando vuelto en efectivo: $3400.0
2025-12-06 16:30:45 [http-nio-8080-exec-6] INFO  k.k.service.PaymentServiceImpl - PAGO: Transacción aprobada. Vuelto generado: $3400.0
2025-12-06 16:30:45 [http-nio-8080-exec-6] DEBUG o.s.data.mongodb.core.MongoTemplate - Executing count: {} in collection: orders
2025-12-06 16:30:45 [http-nio-8080-exec-6] DEBUG o.s.data.mongodb.core.MongoTemplate - Inserting Document containing fields: [ticketNumber, clientName, items, orderTimestamp, employeeId, employeeName, payment, subtotal, totalAmount, kitchenNotes, _class] in collection: orders
2025-12-06 16:30:45 [http-nio-8080-exec-6] INFO  k.k.service.OrderServiceImpl - VENTA EXITOSA [Ticket #17]: Total $36600.0 | Medio de Pago: CASH | Items: 4
2025-12-06 16:30:46 [http-nio-8080-exec-5] DEBUG o.s.data.mongodb.core.MongoTemplate - find using query: { "username" : "Luchito"} fields: Document{{}} sort: null for class: class ketchupapp.ketchupbackend.model.User in collection: users
2025-12-06 16:30:46 [http-nio-8080-exec-4] DEBUG o.s.data.mongodb.core.MongoTemplate - find using query: { "username" : "Luchito"} fields: Document{{}} sort: null for class: class ketchupapp.ketchupbackend.model.User in collection: users
2025-12-06 16:30:46 [http-nio-8080-exec-4] DEBUG o.s.data.mongodb.core.MongoTemplate - find using query: {} fields: Document{{}} sort: null for class: class ketchupapp.ketchupbackend.model.Food in collection: foods
2025-12-06 16:30:46 [http-nio-8080-exec-5] DEBUG o.s.data.mongodb.core.MongoTemplate - findOne using query: { "id" : "6934846528feb0ec3420b09b"} fields: Document{{}} for class: class ketchupapp.ketchupbackend.model.Order in collection: orders
